pano_id,lat,lon,street

CJkxS7hwIL3hbBs8guBlSA,40.73129875217926,-73.95782734482442,FRANKLIN ST

gg3n9_5TWdx2x0Gyin5YVw,40.73200916087404,-73.95794307154456,FRANKLIN ST

5sB_honOE9WcGJCRSXu5Qw,40.7348441471048,-73.95840811600557,FRANKLIN ST

mYmEmdNNcxOkQeG9nhFY8Q,40.73555242053253,-73.95852418830235,FRANKLIN ST

K_O1stS76WPqJDkZ5lCXxg,40.72706052271143,-73.95694149658824,FRANKLIN ST

xsuHPxbnB3dzIEShCT5UtQ,40.72731758732776,-73.95717234112135,FRANKLIN ST

xJa88xDLt0cC3ZRbVtrmpg,40.73621292889747,-73.95863540338728,FRANKLIN ST

X_WyhaY8PXZNGXXfXbAp-Q,40.73058907278319,-73.9577109092341,FRANKLIN ST

1C2Vm5sc-WV8T9fxMwAuCg,40.72775382883955,-73.95724294129755,FRANKLIN ST

OEg_rTwpwhMGT5WmLVqBGQ,40.72706854674311,-73.95718411371529,FRANKLIN ST

6Fv1u-3khXQTNedqjLxXBQ,40.73271596710893,-73.95805939541417,FRANKLIN ST

0wNdIfhqbeMBrPxpq3o--A,40.73342568164897,-73.95817589765223,FRANKLIN ST

M3-nHbB1jVUVZRO0I-YYxQ,40.725097592814606,-73.95757201182647,FRANKLIN ST

6g53h1ALbW7iGE6uXram5A,40.725523423917274,-73.95749345200497,FRANKLIN ST

QIYICl9BBJvlL5kEDCYdgA,40.73413497346504,-73.95829230705532,FRANKLIN ST

an8cx7iMDlH5bbSQh7YsRw,40.72916950647684,-73.95747834247767,FRANKLIN ST

vODbydhUDbdrR6GP5FAMHg,40.72987874478092,-73.9575942283495,FRANKLIN ST

BatvE9Agfc1sa21ZUBkakQ,40.72845875420495,-73.95735971330701,FRANKLIN ST

dJP7RxQ1QenTHSe7ShC1eQ,40.72475936481193,-73.95763356160998,FRANKLIN ST

hmh7xXktlc5oMcvbB43rdQ,40.72428495685697,-73.95771989205198,FRANKLIN ST

xf9wNc74afJv2ukfoEQCrA,40.72629966466114,-73.95735338908572,FRANKLIN ST

QjEbcXwfcF8AcFbjwOvv3Q,40.68651117490224,-73.95453798673464,BEDFORD AV

_JjmTvVpyIoKcmu4Y9ALug,40.68577972001361,-73.95439296867416,BEDFORD AV

fmdpA3Ah0PHXpvL-15pLCg,40.60455106592109,-73.94751155678091,BEDFORD AV

fU0d6KSrljco2gB2GN0Qkw,40.602162006847536,-73.94705837472739,BEDFORD AV

X_JtPULNfQhKKlLuqxuYIA,40.61147764976098,-73.94882063460503,BEDFORD AV

n0hU5DfW_8sIIzLnwbbHeg,40.60933301090737,-73.9484135475806,BEDFORD AV

wGk2bWixUmpaYZeYngo3GQ,40.70535167391016,-73.9624852650321,BEDFORD AV

pr2MzQt0AjdMEvMhR7uWjA,40.70478667913782,-73.96186811264374,BEDFORD AV

3uS_cteKl-MjcpkH3Qs5wA,40.65136883343219,-73.95590670734904,BEDFORD AV

YAvwnKSHOW2QMXsSPNH2Og,40.650529808078815,-73.9558251843973,BEDFORD AV

bmgF9ncwG1eek5AwgvE1lw,40.58678552416131,-73.94414710248049,BEDFORD AV

proMAR1KfjjJxJrf3CbY-A,40.58529836155974,-73.94386629112111,BEDFORD AV

2lC9vuVkpjMP-e2hurIoGA,40.61908280147602,-73.95025641287008,BEDFORD AV

HLL87egK2ulMdwjdEL7m8A,40.61669279718366,-73.94981159015698,BEDFORD AV

M3kC0jJqpVlLi-002_FQ_g,40.63005807621493,-73.9523316676046,BEDFORD AV

OlwxJfsu05fgn_ERIZfEoQ,40.62864578101473,-73.95206901809603,BEDFORD AV

YiE-E2upQpBmpCL_kQlpow,40.66196515074292,-73.95704343513337,BEDFORD AV

k-h6thb3J9LxZqRI5IIXbA,40.66117957108748,-73.95695760438208,BEDFORD AV

a14JMS7nxtIZnvKzmljKiQ,40.67363258662439,-73.95399956639864,BEDFORD AV

0PmCls7mvw8-vEioJNPZLg,40.67275343223,-73.9543164713996,BEDFORD AV

VrHwnQ5sTQP_17GrbYA9BQ,40.67538563393347,-73.95336353571741,BEDFORD AV

DLeLaAD7Nn19YDIkT-zuCQ,40.67450136848584,-73.95368742667057,BEDFORD AV

dvSKPqeIdEqY7Qs_SkS0fg,40.64058938472006,-73.95428061299627,BEDFORD AV

Yy4QxJxwtsmLQrcJxYvLRA,40.63963229969385,-73.95417718045795,BEDFORD AV

5cOLi8SQ5o5U55RP8h2EjQ,40.69678454016987,-73.95658117239427,BEDFORD AV

HYS-w1Civ3T2tngQQzAFOA,40.694579018572625,-73.95614239334238,BEDFORD AV

whshcS453pKF1pQIZ3dL4A,40.7240973808352,-73.95097754543816,BEDFORD AV

NQLH9We5dr3Pq75gjCORUg,40.723485857483986,-73.95164632252364,BEDFORD AV

KFGsN9nWb16R4-SHyraixw,40.71838770576608,-73.95713104555094,BEDFORD AV

FPQ7n91eUbSPYOPWNB8yig,40.71783430087182,-73.95772544059622,BEDFORD AV

3uSFPXUFuCSlFei9RXyE0Q,40.652314272409455,-73.95601055746974,BEDFORD AV

_k1aZBsFuWyHZC0YwwpzJw,40.677026983454084,-73.9526778248788,BEDFORD AV

EOqMMR2qNG1Qpc92K95BNw,40.67625192687846,-73.95307012816906,BEDFORD AV

f9M3Jo5pJnapnKfEGkVZVA,40.5953976288517,-73.94577449198366,BEDFORD AV

ik0Q8z3F1cVyGbMffXfxdA,40.59327927389663,-73.94537361635106,BEDFORD AV

eizYuIELCileqg3zq8pphg,40.71077885967989,-73.96365299743344,BEDFORD AV

tAIzid77hLqTNOX0lgueWQ,40.710477718017415,-73.96383936454109,BEDFORD AV

N1vx1xe_u2iSs7zg7QKcUg,40.59990896396283,-73.94663212417804,BEDFORD AV

EPMB_Y3YoT_8S5JCMjTjRg,40.59840594942194,-73.94634712723077,BEDFORD AV

bv71yi3JTBsrbO29zwyMug,40.66748021448109,-73.95622344737568,BEDFORD AV

LP-W-5yomskQ_mv5miXTbA,40.666602448940104,-73.95654060005906,BEDFORD AV

Cz83c1dMC2P0KHuSFmKTiw,40.6604417024594,-73.95687581263824,BEDFORD AV

cILkfQph3fpce4OzlfdlQg,40.65972923021258,-73.9568004868668,BEDFORD AV

kyXbcUtZBAALaAER4LyZoA,40.7200494141936,-73.9553477290555,BEDFORD AV

pstFff_qPlXSrFk4by24Bg,40.7194929030118,-73.95594271219458,BEDFORD AV

VlVbTngZeUMvIOMPgAJ2Mg,40.663517396777785,-73.95720935457186,BEDFORD AV

rz5RG5LXWrzXsUqEgsNC9w,40.66273747174507,-73.9571211396026,BEDFORD AV

ple2xMH9eOJv8EDn7J-6Dw,40.71086440151596,-73.96359953185393,BEDFORD AV

8kHLOt8PfyLbfUFeDJiotg,40.665720099253214,-73.95685966362294,BEDFORD AV

9Qg7jhS6oYsUxXYJer8Y1g,40.69299238288261,-73.95582662835704,BEDFORD AV

gvV0wVW-JqBZUVZqz3ojCw,40.69970786791904,-73.957167301054,BEDFORD AV

qHHvB3_NJUbpMHuKAjt2iw,40.69897391384723,-73.95701993189473,BEDFORD AV

rrx14Fu01uBljpiPqwTauA,40.613053217165174,-73.94911970212809,BEDFORD AV

skSVzAH15CJ9v7ODqGZsmw,40.61292211742836,-73.94909482173738,BEDFORD AV

L9LzPpIfmrHAqz2Byi2pCw,40.68284800777073,-73.95380893530704,BEDFORD AV

bRmSTKzeG1Y3eUB3pwb2JA,40.6821149036135,-73.95366256227194,BEDFORD AV

xXYPrSU07hmrJkjyK3bRUg,40.71121349726224,-73.96337906624005,BEDFORD AV

SPnm3Gy1eghyhYH6WYP86A,40.71114725907824,-73.96342117731267,BEDFORD AV

0SYOCjp86ONOwOQrM1m4Ng,40.715306091548925,-73.96043674836805,BEDFORD AV

XZnLcQKFKVtDcRqAWtA8MQ,40.71489214333272,-73.96088070466435,BEDFORD AV

KfxoU7VsVIoOvDeIVSqUsA,40.708014730025305,-73.96432838621575,BEDFORD AV

YfkR3IqeN9vIcq-G2kxIbw,40.70775581088987,-73.96437817121414,BEDFORD AV

sGu9grS_BRS668tg5HsCsA,40.707533724076114,-73.96442311895227,BEDFORD AV

n3CdC4ISX4sSVWHz6K-D0Q,40.68358077882097,-73.95395453099545,BEDFORD AV

H2zdzKafC6JQTO9hFhIwdg,40.5847078609082,-73.9437556032055,BEDFORD AV

lUwdCPMjCdZ76tFwvszWqQ,40.58371710193036,-73.94356595230245,BEDFORD AV

Zcb5Vf2lLrRwRuFc325J0w,40.606875295226274,-73.94794840921226,BEDFORD AV

C4eivPImCb12h3DUV3rWRg,40.68797694717099,-73.9548285265226,BEDFORD AV

mzJy7_4BFBwuH7X1mKCMgA,40.68724485393482,-73.95468418916566,BEDFORD AV

4OswLfwt2n6qJXnKUZB3Vw,40.65901756871532,-73.95672522069441,BEDFORD AV

LfUTJKojS2M7Xi4GcG6yyQ,40.658305790067004,-73.95664922366119,BEDFORD AV

FfOPdVdT0zG_r97z-zu8zA,40.71450229696462,-73.96128719656062,BEDFORD AV

J9OG5INmiLFKPPCsH_mDqA,40.71390084244158,-73.96167992316856,BEDFORD AV

qVhLfNeGx9QB1raUp0jIQw,40.61321744099057,-73.94915087981462,BEDFORD AV

ek7sojim6RHMw2VRMwd5PQ,40.70745361041968,-73.96484837814721,BEDFORD AV

exZjN6IpG1R0XzUT90qU5A,40.70734126117459,-73.96475672822439,BEDFORD AV

mLJ7GooJdAT40GsdPonvtA,40.70728287204694,-73.9646969055669,BEDFORD AV

0HqtdMXIOvgLUSIhDQIHZg,40.707140629135615,-73.96452740752856,BEDFORD AV

vqjEgAPEWzb0hu1FgWzezw,40.70705583167956,-73.96439361674287,BEDFORD AV

J4cqMjRBw_Ce7a074Kc4og,40.710967206714365,-73.96353040091998,BEDFORD AV

S5aBnTRTHVa2Q1U1nWsXkg,40.70365715174928,-73.960591583225,BEDFORD AV

rTgkfqJEnfcliGryXlS_EA,40.70343706167805,-73.960341178323,BEDFORD AV

CY09cUfbLXU_N6Y3TYYo0g,40.62625381152005,-73.95161741446712,BEDFORD AV

JZOrplG1USPi6B9kSAlYFg,40.65377651880536,-73.95616409698518,BEDFORD AV

bSkUmkOMFgS3tezKQ3aWpg,40.65324474974612,-73.95610825604494,BEDFORD AV

9xUbJPriGGP6O5DDFcjUsA,40.65270122077123,-73.95603783174761,BEDFORD AV

ODXPrDnmP3IstD9OTrZdGA,40.72060081614561,-73.95475342643456,BEDFORD AV

5m2DSnX8f8Ebc7UReKviFA,40.69017513613518,-73.95526567395413,BEDFORD AV

_ZjCpm-xJIT7ap2rvel5nQ,40.689443719140655,-73.95512181187314,BEDFORD AV

Sm1OxJBkevJz3Bkpf1tboA,40.70589986913529,-73.96309795270945,BEDFORD AV

Ygnoa2vytpG55esps4xFgw,40.68504624725667,-73.95424647696234,BEDFORD AV

hLJ_UDzCX6i9OP0KYhKxjw,40.633427931790735,-73.95297381333762,BEDFORD AV

dNQG-7iA-R1Sb826dKj5KA,40.632146905864936,-73.95272968415593,BEDFORD AV

xDNndvmC22nMuqSLFxfPlw,40.700822602682244,-73.95745736438904,BEDFORD AV

xmEWh52StfZU3t62jcAx5Q,40.70044320550214,-73.95735035850657,BEDFORD AV

WYB08a_3yult3TJ84v2SKQ,40.69999934952393,-73.95722517471695,BEDFORD AV

ycDnevGW-Oeezpu9WW9cFg,40.65745362357012,-73.95655768697944,BEDFORD AV

kcckoP9nNoYq9tzR3krNsA,40.597788991581766,-73.94622941179455,BEDFORD AV

t2zaIbX2MNEhuHY55CldNQ,40.68871119365372,-73.95497568111821,BEDFORD AV

eaGNaBVxxY1eTIWGUx8xtg,40.70252799431594,-73.95933255061634,BEDFORD AV

Rhzy3ht4Ll0WFob-8reiAA,40.70195278826393,-73.95868891670843,BEDFORD AV

DcxZZzMDO8Dp3PAeC3ZsFQ,40.71252628343365,-73.96255126312279,BEDFORD AV

V2uJVxmmGgQFb8vdbhobEA,40.71190478756447,-73.96294143343573,BEDFORD AV

mRkVoLuumAgTMA2jGUFy8g,40.71894115223553,-73.95653563480992,BEDFORD AV

Nfozf_qplRn6fNpC3-pRMg,40.71672791420323,-73.95891390533262,BEDFORD AV

CxohCnATjst28zH2uoeZog,40.71617259202568,-73.95951067446832,BEDFORD AV

iqIL-DMPN8u8VvJ1wpbrtw,40.710297482775744,-73.96387475130294,BEDFORD AV

A0LW2RmuMuDYyVrRJMsPuA,40.66922920618766,-73.95559247946608,BEDFORD AV

ggo_SDOYilF4Iys1an8RZw,40.668359762431436,-73.95590682860535,BEDFORD AV

9E7Leau0iOMrFdoediZswA,40.66991692448716,-73.95534460432658,BEDFORD AV

KtLcNsjMEZi66c3b50dyag,40.665095672399715,-73.95708226018873,BEDFORD AV

S6z3YXnonGh0gcSX3J5zPA,40.66447873191105,-73.9573021859765,BEDFORD AV

AD7YD-i39mdnzZDA69V7og,40.66430263231708,-73.95729172669553,BEDFORD AV

DvKZBKs5Kf3c2CUi-vM-Dw,40.639161299282655,-73.95412641170893,BEDFORD AV

I9My6Cj530X9mtTo1Z9ywg,40.638877548687624,-73.9540435859016,BEDFORD AV

O03o_pghwO47hh1f1-9A1g,40.62386416196106,-73.95116434046027,BEDFORD AV

LunS9Y0SNixh013zrRt8Sg,40.621474383081406,-73.95070946710335,BEDFORD AV

hHeefW-6Dh4QEVpGGarX_A,40.64952298932425,-73.95579083084574,BEDFORD AV

GgU6S4tKSivr2EhFY7_QWA,40.64864328948441,-73.95576232853155,BEDFORD AV

cc0pAURjzSicqsD-3a9XZA,40.703032313989986,-73.95988917243274,BEDFORD AV

-cq4GQV0UgUsfIyKtT5_dA,40.71326919462556,-73.96208069520155,BEDFORD AV

ZLJ9yjiPUThBikT2Q5vs7g,40.68431310763344,-73.95410042574007,BEDFORD AV

6GyAHKLOJNXVt4rFHUFlQA,40.71728040683866,-73.95831926990648,BEDFORD AV

RPDNttjNNqd0dDTcToasFg,40.69090829138356,-73.95541058015664,BEDFORD AV

eLXUR3c5zniskcyMG2m8Ow,40.58506133130732,-73.94382221967912,BEDFORD AV

ZZeuOkAoofO2L3GWe7Qe7w,40.71105945378077,-73.96347700004699,BEDFORD AV

PjjAJc8VM8kXCrnAJtPDzg,40.68064050844433,-73.95337017508862,BEDFORD AV

Z-Goie8I6AvqcDxXZ4YgVQ,40.680200030972934,-73.95328187440032,BEDFORD AV

Rb0r568jMSXwQwFaEnLzfQ,40.67983240150623,-73.95320639403658,BEDFORD AV

dTI-HHl7neT8ONp6RG4LWg,40.678815080068766,-73.95300513717677,BEDFORD AV

caFJIjd0hElpvwgueO6nXg,40.68138260047917,-73.95351616857033,BEDFORD AV

d0qV1xMDH4X_tev8rjPFrw,40.64663040964197,-73.95565196240888,BEDFORD AV

WzEkWiUREwVCLjy16sdoFA,40.64477257836167,-73.95473024770416,BEDFORD AV

EoTtJMXCZHLE2Rs8q3RIww,40.638494724439276,-73.95394172535929,BEDFORD AV

fm6OJjForYMcvXvxbvlPyw,40.635817750679685,-73.95342574279704,BEDFORD AV

Wq7aZPYsucjMyavhMZE0kg,40.72170928564224,-73.95355968060122,BEDFORD AV

en6DPJbJSw_wGm6tJJh2gQ,40.67872199549219,-73.95298672714047,BEDFORD AV

m_XHYTIo7WEuFQO6wJUTPg,40.64786899638433,-73.95573651232945,BEDFORD AV

7kfycAuhid6AnjOcrUecIg,40.64419674380035,-73.95466563951298,BEDFORD AV

iPEtp2LeCALuwqZbzBLXYw,40.642887586976215,-73.95452484175678,BEDFORD AV

MuRpRmlb7WskQaJBZnq5bg,40.70953462711482,-73.96402772711272,BEDFORD AV

z95igAgsOOVootVR2BYaxQ,40.59116014244398,-73.94497238858074,BEDFORD AV

VDzEmK0p47uT6t50v4e8xQ,40.71558339106093,-73.96013925445615,BEDFORD AV

Mzs0Ms-3G09nICSJg4arew,40.703346390402274,-73.96024007328444,BEDFORD AV

I4Uv5HBORjMS3Ux2IohW8A,40.58365424819209,-73.94355392252005,BEDFORD AV

mvQQKlUGJUvS-mDtBU4MuA,40.583569140178376,-73.94353609953889,BEDFORD AV

XI1P6jjXnJSFKhYFVODqDg,40.67863935736982,-73.95297020155722,BEDFORD AV

zDu7M5NFpDC3s40x8Fk5nA,40.67784422782171,-73.95281121195136,BEDFORD AV

bC11el4dMkkr9DZvWqDUKw,40.656710783784185,-73.95647813122312,BEDFORD AV

GTM1t9Oza0DmiBReayz0Yw,40.65624064838824,-73.95642774732298,BEDFORD AV

1CWv8nNmRp5DxyqHmEViqw,40.65587456589981,-73.95638851612784,BEDFORD AV

_xnyI1dMJgnUoIIcf9zQaA,40.67012490485409,-73.95526963654763,BEDFORD AV

pbAJChdhSjA8oulh2QQ2vA,40.669974339315665,-73.95532390874679,BEDFORD AV

VsXalAb54SAFNuZkw7XteQ,40.670995508248154,-73.95495379187264,BEDFORD AV

vGjuOVwSnQTlgmfHY1agZA,40.67032889703751,-73.95519562917808,BEDFORD AV

gjN9QAZWaNV45asHhEKJhQ,40.70741428610314,-73.96443873042784,BEDFORD AV

Fmy7jT1OmQq1GobAQl3T2A,40.70729368678754,-73.96443902261342,BEDFORD AV

8H_b6Q2Id6SGBUjskvdzQA,40.70717362883652,-73.9644238716229,BEDFORD AV

mZXGqcJVJ6Y4K6o5EU-y5Q,40.70318111917228,-73.96005583006654,BEDFORD AV

cq68hP1xKBaAAH7hCTAfaA,40.703118995189804,-73.95998625514382,BEDFORD AV

_RXbpGgr1zAyxuR5L_2Xpw,40.67187214319661,-73.95463666881055,BEDFORD AV

Xbfgq9fu_UmcKNdEI4XtVg,40.70647884296624,-73.96374511605369,BEDFORD AV

rzfc133vKtkU5yW4xDEf4A,40.70871946163901,-73.96418485686785,BEDFORD AV

zOavadIyt5HavzQhv6V6RA,40.70139815590526,-73.95807048416977,BEDFORD AV

ZDnNJmKMlcI4POw_YVevhA,40.61403073401342,-73.94930527478533,BEDFORD AV

jVDfY-Beoz3UQZwIr9wIew,40.70421087475021,-73.96122234060888,BEDFORD AV

LrlBVyYVWcqn5_OGJ-TqzA,40.58493267901532,-73.94379736948177,BEDFORD AV

BeEWZ78jdxBgSfNXdMu_sA,40.655048281328554,-73.95630035122745,BEDFORD AV

O7cEHN3i2JSTBueF7nMtoA,40.7032814928204,-73.96016769608353,BEDFORD AV

l8lHGE_7ER6QNFpBLbrkGw,40.58499220929692,-73.94380842269324,BEDFORD AV

fuMXOe37lh_5T7RB8Gq1gQ,40.589040621224214,-73.94456922594593,BEDFORD AV

KclMPmyCAAMlvtCQ4ZjbkA,40.59018035581254,-73.94478601212,BEDFORD AV

hNNb_V0Lm8UOke7iYhRKSw,40.7404698215573,-73.99828702268513,7 AV

ARQossuC-xGbn2Zcp4R3xQ,40.74105636882547,-73.99786128446578,7 AV

_OSjbn9J_NjZo5bTUI_8xw,40.74281091284135,-73.99658017711778,7 AV

3J8VPFEPRIIR0Lxuda3lxQ,40.74343065428226,-73.99612901013253,7 AV

jXqImRu-UO4tGZiv91tOaA,40.74661753631983,-73.99381275054287,7 AV

r5Yk98qRbfdRcCOCc_U6Lw,40.74723522228551,-73.9933590219677,7 AV

jRPB-IPSEvBEcAaiEAUdyQ,40.739242836299525,-73.99918495823428,7 AV

y3Vh0lHLceXvZysGOHByJg,40.73988087754229,-73.99871270610068,7 AV

zVKj0r5IttKA3CY-7ace3A,40.75031906981026,-73.99111010109485,7 AV

A_bUccREIEGNolH6C3i9pA,40.750991753908224,-73.99062220016046,7 AV

Oq-8csivF4nxb6d6YiQzgQ,40.7610936152368,-73.98326291021738,7 AV

mOadhPHW_57bmex_NjA_Sg,40.76171851614557,-73.98280727801144,7 AV

_xALFmk4BbSad3_jQFSUIA,40.75857362561531,-73.98504970074009,7 AV

fPBjkd-D2qpjwj0Ruwsu_Q,40.75919941066207,-73.98461925228557,7 AV

DvzMUn4svnXPjNg_c8wwEQ,40.7661974149204,-73.97954417361035,7 AV

CMY8NvFw23_oeetG13NRpw,40.76632478702905,-73.97945641840592,7 AV

vaQnsjOMRpbRPRyDephyGQ,40.76687608563234,-73.97907658778145,7 AV

kV4XJvzS8Ee8ZMXhsIxo2A,40.757339345669514,-73.98601452403081,7 AV

3XHHItqOjS02nxTCGoTNFQ,40.75797328439624,-73.98553726597243,7 AV

9r49D-gjP5nHMKHKgj5bDg,40.74475984281174,-73.99515394281526,7 AV

HnuOc9Ir1ORF3xgKU3Jt7g,40.745060298268015,-73.99494394115585,7 AV

IfWs5YdRwA13k3aBlkJ_Qw,40.74538244597779,-73.99470867286587,7 AV

cx0VSrY3O_SEOtqj0QmvkQ,40.76484349736388,-73.98052788779282,7 AV

3dWDp-hQbCYRrq0ckXiLJg,40.76552103380129,-73.98003575713244,7 AV

TlYTtWODUP6HwWX7fvmVmg,40.755372960490256,-73.98744642241722,7 AV

EahEYLcwaMJuj6CJCnsFkA,40.75603590226128,-73.98694873852376,7 AV

qKRAIPbA3Gkh3tFiq6o4Cw,40.762343100101255,-73.98235069015611,7 AV

1gi9qP-Aq6RIkLnZfS0IYw,40.73722952808179,-74.00064726151977,7 AV

fGmLbYPoWlmSSQdibmzGFw,40.73786493661248,-74.00018308806388,7 AV

zRgwzAkgSi90i26JYkP2hw,40.74164257250694,-73.99743359718977,7 AV

DVr1C4DePSj6R2AmVh2Wyw,40.74222816194162,-73.99700719203685,7 AV

rdo6jiFmqBKd_Tlu_FTnyg,40.762968447477434,-73.98189428279157,7 AV

8Qh01iQ_vJBury-Zm709RQ,40.76359435986474,-73.98143352023796,7 AV

h10oEYOrzFn9K7YoclG9xw,40.75289546452521,-73.9892434198348,7 AV

rvUh7oeThfNoKV0hP8ubLQ,40.753516778844876,-73.98878655043406,7 AV

1bbPzzEAEJDnLZLdq1udJQ,40.749101444425854,-73.99200552931222,7 AV

fFcRxYDvOk1erd__eHknsA,40.749705922316465,-73.99156300611516,7 AV

IiO4CTi4f-ByHbWwlF9svw,40.754130293406696,-73.98833572549684,7 AV

aP6OZorkvTQhVD2F3F2NPw,40.76422265739012,-73.98098064836832,7 AV

N63P2tSEEbzFExSoFIwF5g,40.7516588079613,-73.99013379300901,7 AV

rxuL9lZUqHGBlp_fdlB4xw,40.75228026241251,-73.98969328105551,7 AV

9N3EFwSck9unLkaxe-S21Q,40.74785495097746,-73.99290928722098,7 AV

sErXD4qOOtGJnTwd1twy3Q,40.74846973418142,-73.9924623986208,7 AV

py3AHu-H4rEhnu3YvwIgDQ,40.744098534176786,-73.99564494018061,7 AV

f4EtjsbMnSg_w4jSaovBpw,40.751332202620425,-73.99037292980766,7 AV

PeKQ59nSNQ4hFnRqymt_cQ,40.75671007142744,-73.98645825487546,7 AV

vIcuG0jViHUPe9Rbh5rMgQ,40.75984159241592,-73.9841736875004,7 AV

CG5wrg0tcWUiDV1l9YxXUg,40.76045708831885,-73.98373015419746,7 AV

YLZO5Fei4BIxr2-YT4QAFg,40.74600398135789,-73.99426258628625,7 AV

SBptmhATe-FXbEFOXVqlhw,40.73656323931118,-74.0010950050881,7 AV

9PWriKwbtRAwzJMocCPOAQ,40.754749390499214,-73.9878916293746,7 AV

0-rkGvehXDGKeffJ6PCL4Q,40.738552473313476,-73.99968423039347,7 AV

6c8cDRkP-emTog8a5HwddA,40.738888196748086,-73.99944153110305,7 AV

gKnVRBBKXzBth-alMzCUdQ,40.73892885943754,-73.99941181411029,7 AV

drEbvM9nLoO4PndyGIWSfg,40.78791392447104,-73.95577735912323,5 AV

67nYT_jMNQE77v7CapI4Qg,40.788259450676705,-73.95552227317584,5 AV

q1oCplzKV0DnObjRqCVT7w,40.78858445548824,-73.95528233480856,5 AV

H9XQIO4PWhSHt0BV20tJcw,40.7904704985543,-73.9538891708097,5 AV

qSlFFr3afZabAf8G_Duamg,40.791085141371795,-73.95343683861161,5 AV

OuOJj7XbemDRLg7-UroXgQ,40.73733046783794,-73.99265431029018,5 AV

h6Iu6XHys1KwpYUIYnCOmQ,40.73791698490997,-73.99222484880735,5 AV

rqqR61wliCzap1SAC5F8kg,40.816908047973,-73.93463790338919,5 AV

e1WQLUhSa56ggF1pGXQhMg,40.81692870684494,-73.93433939003332,5 AV

t2w3CXK_InsEpnKaNSeRZA,40.73140883189768,-73.99697435541178,5 AV

iQAfKdgwwOi-OBGYgBsgWA,40.73185625834525,-73.99663935985464,5 AV

CYw6RFHnTVyUu8_apfVpfA,40.77440720144542,-73.96560968621523,5 AV

RWzLCgHIN1tMDTnneuw-UA,40.77504423158718,-73.96514745374806,5 AV

LeHIsQks2hcL8RcXRaoxXA,40.799350295295646,-73.94741996235193,5 AV

wI-hgku7AI0orQ7lylmVNg,40.79941052421795,-73.94737599844727,5 AV

RCcyKLXbUOMgybzpFDyHyQ,40.799541788783955,-73.9472801829746,5 AV

S4o-gmQrvbYk7RDkS0zofg,40.79996170291021,-73.94697366807029,5 AV

n4BC9ulEd7U8YY1Rtl-frg,40.74088024492432,-73.99007005850372,5 AV

UTLosYKRBdVscAWqVBrEXQ,40.741548080400975,-73.98957565789482,5 AV

_uwqvGILw_lVUlEgW63ZMg,40.76489773172335,-73.97255352295763,5 AV

EFZCgoM_jUellYE8nB1XNw,40.76551725072493,-73.97209852444384,5 AV

Dw3V1FASSIr3efS4Y8PwdA,40.75348098873852,-73.98088709894267,5 AV

ArV1m9REnhuU1_vpcQYVkA,40.753854047164616,-73.98061498405478,5 AV

uHfaYmn0ZBI8WluD421Nvw,40.754154808350336,-73.98039560199625,5 AV

L4nNHa5KVhEN_DaimDhJlQ,40.78920474437011,-73.95481723816654,5 AV

Js4dt9gKILd4E593Ousr6g,40.78977490816514,-73.95439919191332,5 AV

ptRwz7IPZPuIhQ87pCIEPw,40.76677028966978,-73.97118520979612,5 AV

wbJJzNZ5bMFY4PLnWfiSzA,40.767393722416166,-73.970727774146,5 AV

nfk8wHHoLAA-lM2nXXpEsQ,40.76166727005669,-73.97491476221624,5 AV

HnUED5zpH4BLquWORmMEkg,40.76229308302244,-73.9744573061634,5 AV

guxh8b6qtQ1rOPrXq1nRQQ,40.759164737776686,-73.97674467602127,5 AV

pXE-TK-6bcYYlpLocwtViw,40.75978674916537,-73.97628870099064,5 AV

uurck7YGPZQ1XLEvNXy71A,40.762966587210954,-73.97396798895763,5 AV

kS56EF9FlYpWoEXHS8kElg,40.817188528558795,-73.93445400138924,5 AV

i78zOHurxO09XjcG3Z1Fsg,40.81755488071268,-73.93423519549562,5 AV

uID3zVJYk--cDy6J9kS-dQ,40.81791428860542,-73.93426432830026,5 AV

mcEr8j29THgRPod1h-cDPw,40.77377298910014,-73.96607449041005,5 AV

BrDNQwO6YbPySoxEJcIMEQ,40.798765542700814,-73.9478467911888,5 AV

nOrjnWZgMZXMd8N0zx6Rtw,40.798806862971944,-73.94781663052815,5 AV

tB7r6r8L2ZqieUKUEuC85A,40.8006653053797,-73.94646133852072,5 AV

kjmSDaGc8zJzrFfNkayPQw,40.80134239466986,-73.9459678974941,5 AV

NrU4iwVfBrQ-SGrbXu1PRA,40.76365910435894,-73.97346523459835,5 AV

5A9dj2SK2ldYaE0Vj59ddg,40.7639781462861,-73.97323340214712,5 AV

daudhBEoLuopIYO6fH4tkA,40.76427887944536,-73.97301487242221,5 AV

Mj0jL-G-qVJC9h3coqCLaA,40.7322529505842,-73.99635236106654,5 AV

IPF5dNdzc506eetx2n3KbA,40.77567708171537,-73.9646873584175,5 AV

6j3slhMdm5lsll75gxe6pw,40.8140416302207,-73.9366885488281,5 AV

ORV2GJG03-a_T5d_okhzcg,40.814673849417986,-73.93620957814322,5 AV

1CLIFnhHy0lKLxQHfXEjPw,40.79234762222547,-73.95252222704883,5 AV

FX92zc3trCUCo0AgxskGGw,40.792981171481124,-73.95207127144826,5 AV

eYtKryholO-Y17YR_6Ivbg,40.776950969432235,-73.96376123851232,5 AV

e_9M66NmLMAKnKXoekynLw,40.7770057178999,-73.9637260267417,5 AV

S-8mRImAr9UXOILoAqcutg,40.77631030867999,-73.96422820174071,5 AV

bS-oxquDpDwGan7Tbpaueg,40.76327103495072,-73.97374696697044,5 AV

SB_3AasYLlr47PTsD2Qmag,40.7428141141774,-73.98864445143224,5 AV

-lx_i14rlGqR_nMGf-CTiA,40.74345073617815,-73.98819361047414,5 AV

Jf_qJYfhCaBDO-kOtb0Nxw,40.77767704736186,-73.96322991911046,5 AV

YvewMq9EIZopc0UezAxMMA,40.75157729841358,-73.98227490438855,5 AV

Tz6EuRtOUwR43VuSGXdORA,40.75219712693084,-73.9818224434471,5 AV

3s0Cw7unxYb9_2_yaEITGg,40.745300726083364,-73.98684539299403,5 AV

Y8FX480s-avnetshfvNDgw,40.74592119432627,-73.98639326620423,5 AV

XWeQ4h_UzzAkGbXUQei07w,40.73467267226194,-73.99458520909926,5 AV

2VO97ciVDBsaDmpCuBLKyw,40.73531264015104,-73.99411856911257,5 AV

oLrlR6SHG9sjhQeaKvZLPQ,40.74972377165352,-73.9836215844645,5 AV

chGvuNIFgKJZ_Q96UjcW5w,40.75034220919064,-73.98317416294084,5 AV

Or87kfhKz2Ua7SEtCJ-hXw,40.76103990657159,-73.97537360664685,5 AV

ueaO0Fra43PudRsBMjHmdg,40.76802503242969,-73.9702816550227,5 AV

k1fokGVuS1g1QpNodq6Ktw,40.768646008820845,-73.96982455287815,5 AV

N27Gg8VBDJGZzjzSMKMhjQ,40.75095894445151,-73.98272387486368,5 AV

HYwmqrwOOXtZnfzl5iFYPg,40.79710049410612,-73.94906517858907,5 AV

EKgPUQSlI2AIdJLkjY6bNQ,40.79748283850255,-73.94878702811201,5 AV

Uzh_5_pih4RIMrptPNZKTg,40.79812921756679,-73.94831125454382,5 AV

w1ND-7btSzMl7qyvlmecDA,40.78882207175305,-73.95510417014535,5 AV

LVXkAkzvqcRICQECN7-GCg,40.78408344353736,-73.95856810077684,5 AV

cOn12UB5ApwhJS1XOwJLqQ,40.78471300473131,-73.95810353444206,5 AV

ofXmvyAVYDk4TLDQr9aNhQ,40.778313040386124,-73.96276715559688,5 AV

E6GRBbgHjUk9qWRb7PBndA,40.77894704120482,-73.96230361479846,5 AV

M-y4ykijnw4yf3sLxjSgrg,40.73669104591344,-73.99311953429248,5 AV

0rQvB1_u4idShukC5Tu3Ow,40.815325584297085,-73.93575548210784,5 AV

Rm4r4aJjBdxrrWmTlipTcA,40.816527847015045,-73.93487343835032,5 AV

cmr7-TzqF-MobGNCMrPnRQ,40.76041852021435,-73.97583011985374,5 AV

s0uyW8JW05UdgcvU0AiskA,40.78597963775707,-73.95716243390692,5 AV

XsNOF9uWbjfwlNFh5WuA-A,40.78616183898156,-73.95703225576614,5 AV

fambbVAWysE--73KUsU5dg,40.78630412426279,-73.95693059591976,5 AV

U-ywff5aWL6-LJoiP0ndTw,40.786600793321995,-73.95671863064405,5 AV

arr6Wli8DCJBLjMEsjpYRg,40.78152426780488,-73.96041430653959,5 AV

68-BDJnZ3O5QELDLiV1Vsw,40.78221294350231,-73.95992094286208,5 AV

_lxTR7bZXndKT3ETgiKZEg,40.769270656823096,-73.96936484612667,5 AV

duH9u0lN3CUAT7bXPIJcDQ,40.7699008317913,-73.96890454776444,5 AV

6AWQ5n-v_egdgNJFpcLy_g,40.73284718124169,-73.99591437458112,5 AV

5FczQw1w1GXoSNBAVmeNEQ,40.73343614251351,-73.99549001336948,5 AV

a1GJJ7dj-EEJgH3PRUglxQ,40.78085703552432,-73.9609101613834,5 AV

6lTgfXWCO4QwDsFI93alSQ,40.74843884228282,-73.9845607714052,5 AV

wYuzxo8FoVUCEkUUHMcrLg,40.74910212488142,-73.9840763609537,5 AV

-N808UVaE9FiJJ-7unHg2Q,40.73831712895139,-73.99193350019375,5 AV

Oe-IvrM00zBje60-tsFIxQ,40.73850365378344,-73.99179768837975,5 AV

RXL54Et8usmN3Egn4YkrUQ,40.7936078051115,-73.95160265431076,5 AV

ITT9nwNbsPj0a4u6YNoGOg,40.7942850348196,-73.95111102438581,5 AV

A5UGwCfkp1Lf9e-bcdAm_A,40.7802297490476,-73.9613687269495,5 AV

D2erJ4Zf7m826cEUwL1U6A,40.80833426759925,-73.94086063175601,5 AV

OG9G3vaFypTBrkpMqrcu7g,40.808958095645906,-73.94040344968346,5 AV

Z1EP7J_kGsOUkqLqqM-AVA,40.73908818750709,-73.99137407222926,5 AV

ntbwAgS96SDbNYJsCOeXKg,40.79146688138385,-73.9531604499487,5 AV

_RHzv5KQdhxd2gyxH9LShg,40.79155275291257,-73.95309827606809,5 AV

hGa8wmpOFX36PVEfUTK1Kw,40.791719692665765,-73.95297740619732,5 AV

w7cVe3qg42DqradHxrI7Vw,40.798272850595765,-73.94820641538051,5 AV

DZz93KUHGsVRWcuYJjA-5A,40.798417148381404,-73.94810109026562,5 AV

z7G2qvYGgapxtIFq8qB4_Q,40.79848535935172,-73.94805130203031,5 AV

RjsVyQaN1dB8RCl7jQZNNQ,40.78722287577729,-73.95626130919686,5 AV

lyrDsf4_y8rri4U-VALLAA,40.75791142377997,-73.9776548272757,5 AV

pQrmXWSW0uTa1aANVj1-Hw,40.75853793304366,-73.97720026523614,5 AV

0UYwdWz9vsd0NrtEeCBJPw,40.78534345782124,-73.95763599389831,5 AV

oq9MS4gAxQ5NEQe_MmAiDA,40.73403430507058,-73.99504997044725,5 AV

JXduvZ0jjSy5un6SffdOkg,40.74653585384911,-73.98594856735089,5 AV

ckHcRR7b6ULy6ZYjP7WL1Q,40.78346128463502,-73.9590117668133,5 AV

Qm56EuOwWHdWShnqh4qAJQ,40.80641573774509,-73.94226311155003,5 AV

0rAQASqkfwWANRlO93eabw,40.8070889998471,-73.94177140170076,5 AV

Vf128L3SLEfWe4Nnaa2XRA,40.7828333211621,-73.95946906057665,5 AV

fXuflXhrwUDeKDHGDgPD_g,40.81085655687446,-73.93901753314597,5 AV

fETbPXmRNNzSXiIyHn0jkw,40.81123082056679,-73.93874394503719,5 AV

oidsvUrqGMWytJn5U9tCCw,40.8113763880671,-73.93863753326706,5 AV

QiuZ16jAmP12xwuzc0mp2w,40.811718443076295,-73.93838748529886,5 AV

dUz5aGJSDNxmTUkG-mE0BA,40.81196760429541,-73.93820642688364,5 AV

TKgsgxcYOPy1_qGDMQG69g,40.812065618729775,-73.93813552407556,5 AV

2MBpr7Wtp-nWEMOS-lSthw,40.812740364328825,-73.93761714951803,5 AV

y7Wid9kQrMapjYPPnkJT7w,40.769065200424485,-73.96951605177428,5 AV

p7IHh7-JxYMFwmlHiT8Cjw,40.75281385262078,-73.98137150401968,5 AV

wWTzeAVvq8_BzNZ7HHek3A,40.75340720742587,-73.98094066392159,5 AV

jxjiHt462S896AL0misFyQ,40.74468149827799,-73.98729805540769,5 AV

mUmcbH3tw7JHxtJbv1MCfA,40.77114723045009,-73.96799327777036,5 AV

SyIx9HP6agI8wEYww_80Ow,40.771776183984,-73.96753398444372,5 AV

YbMaHFXZ21jmgT3wGh9jtQ,40.773140368087624,-73.9665361701323,5 AV

UZ6xP1puWgHUCAN4GqwVIQ,40.76614246847269,-73.97164774334318,5 AV

U24t5PLAOgbd8CNkvq9HzQ,40.74220369725702,-73.98909628342929,5 AV

b_OPwqgp1BBHnL7sYcw-pQ,40.742378369879326,-73.98896434134392,5 AV

jmrzPtNCtGTkNOujqDupfA,40.74191394147798,-73.98931843237608,5 AV

tSofkEP7aR2ljHj4KUGHoQ,40.74406552828813,-73.98774683785363,5 AV

7zpIFiRTg2xG-msaSEeynQ,40.75603186796154,-73.97902396819119,5 AV

le05HyEdjK-LJyS-vXorWQ,40.75665484286865,-73.97856525331893,5 AV

V2qUL_EhnMJ3lyFun9bYMw,40.77958419169365,-73.96183836905881,5 AV

SndhsYIwK4DFMuGoYUr7dQ,40.81478812663968,-73.93613554397146,5 AV

Tel0jCL8QYqNE35Y2GDk5A,40.73600449161603,-73.993616883955,5 AV

44_Fn-hWUcTxMjdv12i_VA,40.80574401229204,-73.94275367228236,5 AV

V1NcO8HwWqEhKXbUj6PhJg,40.754462269199635,-73.98017072453628,5 AV

u-qH_6NjE7kldfYB8_IMZw,40.75478254336751,-73.97993647238523,5 AV

OdMQLq5t16G18M1X21YOaQ,40.81020880953351,-73.93949397539919,5 AV

wX7zPG7llU_abhx9iOsM0w,40.8095814180326,-73.93994875977052,5 AV

790GRKk02XJOAD3d2_v0Vg,40.814908014614026,-73.93605076578173,5 AV

nZ9oi6GjnauRGFlqJHDkxw,40.814988693570456,-73.93599371417274,5 AV

3G9EJYkpei4sIB2TtiNCxw,40.79660638416075,-73.94942287815631,5 AV

6CErFwOkX1zPLXalctn1og,40.79687199990541,-73.94923327082499,5 AV

of6fJ6ugwo0-bwscUkqAgA,40.74715232944612,-73.9854960226906,5 AV

24hGhKsUN3A5WSY0X0J1cg,40.74777301763097,-73.98504577678388,5 AV

HZkdUK1mSmHpCutS2mmsoQ,40.77246121881641,-73.96703947579951,5 AV

xJSBJ5i3-SNszYSPrH7dUg,40.813421041444556,-73.93714398424214,5 AV

jsi6IdFJYhsnQkjBGRgBBA,40.8135061410526,-73.93708163694987,5 AV

4ZxHtLg3aCzVZYo5ADbDig,40.79888833153825,-73.94775716468887,5 AV

otyK2zZ94S2JebOh2pYqTg,40.740261688175174,-73.99051784255435,5 AV

bI0LRNfzYl4C-6Y0XCzSaQ,40.7554049652828,-73.9794831385501,5 AV

KOXySh-bRmMl0H71ZcpLew,40.75565708915807,-73.97929847277743,5 AV

so7X8g5T1iNmH8CHb7qLFg,40.73967337625167,-73.99094521560293,5 AV

-IC1xb_oO3-TbNji6qc0Iw,40.801970231239636,-73.945508639182,5 AV

v5YAt5R_VQ1GL1Vld8NoFA,40.80259859871748,-73.94505127984516,5 AV

UzXVS3HT-mpO7UselDvj5A,40.75728442760885,-73.97811607150817,5 AV

TWGCjHPcePg0qQ1mOaU3LQ,40.77051632637046,-73.96844155933407,5 AV

zk1oRW8q1Jw4sho3_0zjqg,40.807713346381014,-73.94131742369481,5 AV

kYvbX9js6trUfgSEB0j0Ww,40.80300304082293,-73.94475976546323,5 AV

EfVWnbed4l5oC40vSkIYsg,40.80322504784022,-73.94459915296271,5 AV

