Q-jzMfPsHipfzsDmL8RuzQ_0.jpg,3,0.9774613976478577,0.0,0.0
Q-jzMfPsHipfzsDmL8RuzQ_0.jpg,1,0.972491979598999,0.0,0.0
Q-jzMfPsHipfzsDmL8RuzQ_0.jpg,3,0.93843013048172,0.0,0.0
Q-jzMfPsHipfzsDmL8RuzQ_0.jpg,3,0.8538612723350525,0.0,0.0
Q-jzMfPsHipfzsDmL8RuzQ_0.jpg,2,0.6241528987884521,0.0,0.0
Q-jzMfPsHipfzsDmL8RuzQ_0.jpg,1,0.26476573944091797,0.0,0.0
Q-jzMfPsHipfzsDmL8RuzQ_0.jpg,2,0.14126655459403992,0.0,0.0
Q-jzMfPsHipfzsDmL8RuzQ_0.jpg,2,0.12259513139724731,0.0,0.0
Q-jzMfPsHipfzsDmL8RuzQ_0.jpg,3,0.12107628583908081,0.0,0.0
Q-jzMfPsHipfzsDmL8RuzQ_0.jpg,1,0.10318294912576675,0.0,0.0
Q-jzMfPsHipfzsDmL8RuzQ_0.jpg,3,0.0621127150952816,0.0,0.0
TAhKmMfAex974GGcmXr_8g_0.jpg,1,0.9090275168418884,40.761788410030235,-73.97542262856433
TAhKmMfAex974GGcmXr_8g_0.jpg,2,0.7778046727180481,40.7617895979387,-73.9754252507913
TAhKmMfAex974GGcmXr_8g_0.jpg,2,0.27771469950675964,40.76179191843247,-73.97543083069979
TAhKmMfAex974GGcmXr_8g_0.jpg,3,0.15366186201572418,40.76179079261701,-73.97542793804479
TAhKmMfAex974GGcmXr_8g_0.jpg,2,0.12321917712688446,40.76175384722273,-73.97532311848535
TAhKmMfAex974GGcmXr_8g_0.jpg,3,0.06595584750175476,40.76175936151856,-73.97532960011605
1VasDr0SGipapiH85V4TJg_0.jpg,1,0.8061584234237671,40.71798677996823,-74.0045127554391
1VasDr0SGipapiH85V4TJg_0.jpg,1,0.6176440715789795,40.71799892041271,-74.00453958490878
1VasDr0SGipapiH85V4TJg_0.jpg,2,0.612587034702301,40.71797454000761,-74.00448460490263
1VasDr0SGipapiH85V4TJg_0.jpg,1,0.4565287232398987,40.71797704555452,-74.00449091497576
1VasDr0SGipapiH85V4TJg_0.jpg,3,0.44130051136016846,40.71795601710136,-74.00446079283846
1VasDr0SGipapiH85V4TJg_0.jpg,3,0.3471868336200714,40.71799222857602,-74.00452368095827
1VasDr0SGipapiH85V4TJg_0.jpg,2,0.13328368961811066,40.71798436078986,-74.00450652936675
1VasDr0SGipapiH85V4TJg_0.jpg,3,0.08460261672735214,40.71798143591567,-74.00449949593836
EfKRbHhV_Wpty6-DAmUSUg_1.jpg,1,0.9649819135665894,40.71408585168705,-73.96144916610983
EfKRbHhV_Wpty6-DAmUSUg_1.jpg,1,0.8970246911048889,40.71404483425201,-73.9614749981593
EfKRbHhV_Wpty6-DAmUSUg_1.jpg,2,0.8797339200973511,40.714085082782965,-73.96144984687297
EfKRbHhV_Wpty6-DAmUSUg_1.jpg,1,0.831590473651886,40.71411580067798,-73.96142242356147
EfKRbHhV_Wpty6-DAmUSUg_1.jpg,1,0.7257217764854431,40.71409667559163,-73.96144226443353
EfKRbHhV_Wpty6-DAmUSUg_1.jpg,1,0.5738809108734131,40.714104365434004,-73.96143740637741
EfKRbHhV_Wpty6-DAmUSUg_1.jpg,1,0.3601338267326355,40.71407214917421,-73.96145775440682
EfKRbHhV_Wpty6-DAmUSUg_1.jpg,2,0.1965188831090927,40.714095897680274,-73.96144301632805
EfKRbHhV_Wpty6-DAmUSUg_1.jpg,2,0.13837455213069916,40.714108849099595,-73.96142707554878
EfKRbHhV_Wpty6-DAmUSUg_1.jpg,2,0.07724208384752274,40.7141035408094,-73.96143819216134
EfKRbHhV_Wpty6-DAmUSUg_1.jpg,3,0.07057999819517136,40.71412108146272,-73.96141957255797
EfKRbHhV_Wpty6-DAmUSUg_1.jpg,2,0.05845675989985466,40.71404494337293,-73.96147508442267
EfKRbHhV_Wpty6-DAmUSUg_1.jpg,3,0.05540141835808754,40.71407316304287,-73.96145740368964
mgemBdM72mryhERyxfELlg_1.jpg,1,0.6343221068382263,40.734432066441926,-73.95843930290934
mgemBdM72mryhERyxfELlg_1.jpg,3,0.5363615155220032,40.73444751172134,-73.95844211925062
mgemBdM72mryhERyxfELlg_1.jpg,1,0.24773502349853516,40.73450105634946,-73.95845146543216
mgemBdM72mryhERyxfELlg_1.jpg,3,0.06319019943475723,40.73445025943484,-73.95844211739576
QmvWcOse1vu1MIv5jINStQ_1.jpg,3,0.9906014204025269,40.58963319224989,-73.94490903131346
QmvWcOse1vu1MIv5jINStQ_1.jpg,3,0.9640649557113647,40.58962443232886,-73.94487882800661
QmvWcOse1vu1MIv5jINStQ_1.jpg,1,0.9277622103691101,40.589693515582745,-73.94492078855717
QmvWcOse1vu1MIv5jINStQ_1.jpg,1,0.8504564166069031,40.58963540462765,-73.94490900759105
QmvWcOse1vu1MIv5jINStQ_1.jpg,3,0.7870708107948303,40.58969351293747,-73.94492117488063
QmvWcOse1vu1MIv5jINStQ_1.jpg,3,0.5357725620269775,101770002304861.73,100658456303318.1
QmvWcOse1vu1MIv5jINStQ_1.jpg,1,0.3690025508403778,40.589847626372716,-73.9453045125371
QmvWcOse1vu1MIv5jINStQ_1.jpg,1,0.0727936252951622,40.589604748036116,-73.94490328943932
TDjuQJjbp8plnX-hmgdXVw_1.jpg,1,0.9697320461273193,0.0,0.0
TDjuQJjbp8plnX-hmgdXVw_1.jpg,3,0.9623810648918152,0.0,0.0
TDjuQJjbp8plnX-hmgdXVw_1.jpg,3,0.9385551810264587,0.0,0.0
TDjuQJjbp8plnX-hmgdXVw_1.jpg,2,0.557066798210144,0.0,0.0
TDjuQJjbp8plnX-hmgdXVw_1.jpg,2,0.14385689795017242,0.0,0.0
TDjuQJjbp8plnX-hmgdXVw_1.jpg,3,0.11795367300510406,0.0,0.0
TDjuQJjbp8plnX-hmgdXVw_1.jpg,2,0.07347726076841354,0.0,0.0
wRov45ZIFwoimw92b8K2Ig_1.jpg,1,0.9619675278663635,0.0,0.0
wRov45ZIFwoimw92b8K2Ig_1.jpg,3,0.8868314623832703,0.0,0.0
wRov45ZIFwoimw92b8K2Ig_1.jpg,3,0.8294965028762817,0.0,0.0
wRov45ZIFwoimw92b8K2Ig_1.jpg,1,0.666301965713501,0.0,0.0
wRov45ZIFwoimw92b8K2Ig_1.jpg,1,0.13953173160552979,0.0,0.0
wRov45ZIFwoimw92b8K2Ig_1.jpg,2,0.05324246734380722,0.0,0.0
2BSClgX1fHpi0usPf1gmRw_1.jpg,3,0.9640054702758789,40.72645934395725,-73.95722753635731
2BSClgX1fHpi0usPf1gmRw_1.jpg,1,0.9416746497154236,40.72645847216315,-73.95722811187994
2BSClgX1fHpi0usPf1gmRw_1.jpg,1,0.23419266939163208,40.726416297771394,-73.95723683761557
2BSClgX1fHpi0usPf1gmRw_1.jpg,1,0.2113134264945984,40.726427082841276,-73.95723463026734
2BSClgX1fHpi0usPf1gmRw_1.jpg,2,0.12953074276447296,40.72645152269985,-73.9572293862425
2BSClgX1fHpi0usPf1gmRw_1.jpg,2,0.05656697228550911,40.726455508865385,-73.95722858354148
EN8KLPc9LOdxvsalBxNq5Q_0.jpg,3,0.9524065256118774,40.719253179150925,-74.0071642151829
EN8KLPc9LOdxvsalBxNq5Q_0.jpg,1,0.9143029451370239,40.71925106206046,-74.00713931837006
EN8KLPc9LOdxvsalBxNq5Q_0.jpg,2,0.801223874092102,40.71925110455488,-74.00713930162033
EN8KLPc9LOdxvsalBxNq5Q_0.jpg,1,0.46816036105155945,40.7192530935234,-74.00716422578506
EN8KLPc9LOdxvsalBxNq5Q_0.jpg,2,0.08315187692642212,40.71925572816855,-74.00719579767238
EN8KLPc9LOdxvsalBxNq5Q_0.jpg,2,0.07739681750535965,40.71925264793595,-74.00715805110175
EN8KLPc9LOdxvsalBxNq5Q_0.jpg,1,0.06703485548496246,40.719249710218016,-74.00712293841225
EN8KLPc9LOdxvsalBxNq5Q_0.jpg,1,0.06601283699274063,40.71925641033002,-74.00720419509213
EN8KLPc9LOdxvsalBxNq5Q_0.jpg,2,0.05075211822986603,40.71925267518149,-74.00715804593496
TxDwPVZngAEcxHl-HKN_GQ_0.jpg,1,0.7603228092193604,0.0,0.0
TxDwPVZngAEcxHl-HKN_GQ_0.jpg,1,0.7332174777984619,0.0,0.0
TxDwPVZngAEcxHl-HKN_GQ_0.jpg,1,0.5303581953048706,0.0,0.0
TxDwPVZngAEcxHl-HKN_GQ_0.jpg,2,0.16436970233917236,0.0,0.0
TxDwPVZngAEcxHl-HKN_GQ_0.jpg,1,0.11762890219688416,0.0,0.0
TxDwPVZngAEcxHl-HKN_GQ_0.jpg,2,0.10246329009532928,0.0,0.0
TxDwPVZngAEcxHl-HKN_GQ_0.jpg,2,0.0584312379360199,0.0,0.0
TxDwPVZngAEcxHl-HKN_GQ_0.jpg,1,0.055476974695920944,0.0,0.0
3Gjjm-amf2-K-3y_VE_wYQ_0.jpg,3,0.9918400049209595,40.69583548511814,-73.9565855258487
3Gjjm-amf2-K-3y_VE_wYQ_0.jpg,3,0.9917290806770325,-102538558435423.2,-99454753665562.78
3Gjjm-amf2-K-3y_VE_wYQ_0.jpg,1,0.9728699326515198,40.695838989410916,-73.9565869388075
3Gjjm-amf2-K-3y_VE_wYQ_0.jpg,1,0.9498001933097839,-102538558435423.2,-99454753665562.78
3Gjjm-amf2-K-3y_VE_wYQ_0.jpg,3,0.8220785856246948,40.695476795673414,-73.9568267599557
3Gjjm-amf2-K-3y_VE_wYQ_0.jpg,1,0.31156033277511597,40.695883660613795,-73.95659664423987
3Gjjm-amf2-K-3y_VE_wYQ_0.jpg,1,0.18873411417007446,40.69587384018304,-73.95659376329567
3Gjjm-amf2-K-3y_VE_wYQ_0.jpg,2,0.0992816761136055,40.69588362168455,-73.95659632434571
3Gjjm-amf2-K-3y_VE_wYQ_0.jpg,3,0.07801187038421631,-102538558435423.2,-99454753665562.78
C5ziKExzv7Za3iP9v0iZNw_0.jpg,1,0.9643694162368774,40.71807503470706,-74.00470600425311
C5ziKExzv7Za3iP9v0iZNw_0.jpg,1,0.9594542384147644,40.71805141402694,-74.00465325983488
C5ziKExzv7Za3iP9v0iZNw_0.jpg,3,0.937916100025177,40.71805203971793,-74.00465405241104
C5ziKExzv7Za3iP9v0iZNw_0.jpg,1,0.92476886510849,40.71808132938529,-74.00471998088462
C5ziKExzv7Za3iP9v0iZNw_0.jpg,2,0.8562562465667725,40.7180487734594,-74.00464703167674
C5ziKExzv7Za3iP9v0iZNw_0.jpg,2,0.7823526263237,40.718038586254174,-74.00462426119863
C5ziKExzv7Za3iP9v0iZNw_0.jpg,1,0.5799903273582458,40.718040736046014,-74.00462936698732
C5ziKExzv7Za3iP9v0iZNw_0.jpg,2,0.5402868986129761,40.71807113351291,-74.00469691369011
C5ziKExzv7Za3iP9v0iZNw_0.jpg,2,0.1318378746509552,40.71808141765238,-74.00471998622473
C5ziKExzv7Za3iP9v0iZNw_0.jpg,3,0.09071037173271179,40.71806033905751,-74.00467256834276
C5ziKExzv7Za3iP9v0iZNw_0.jpg,2,0.08458486199378967,40.71804442095117,-74.00463739084924
C5ziKExzv7Za3iP9v0iZNw_0.jpg,2,0.05183916166424751,40.71807161247521,-74.00469801134614
CDpgkZqvl0f1dLD4wj8Erw_1.jpg,3,0.9021614789962769,40.734288242008695,-73.9954157192954
CDpgkZqvl0f1dLD4wj8Erw_1.jpg,1,0.8517282009124756,40.73428819418484,-73.99541246558223
CDpgkZqvl0f1dLD4wj8Erw_1.jpg,1,0.8243981599807739,40.73428207546298,-73.99543856866954
CDpgkZqvl0f1dLD4wj8Erw_1.jpg,1,0.2729890048503876,40.73428240993125,-73.99543961654783
CDpgkZqvl0f1dLD4wj8Erw_1.jpg,1,0.24159212410449982,-121898248009787.44,48324468084694.445
CDpgkZqvl0f1dLD4wj8Erw_1.jpg,3,0.22474443912506104,40.734266102831555,-73.99539858438415
CDpgkZqvl0f1dLD4wj8Erw_1.jpg,1,0.19669051468372345,-121898248009787.44,48324468084694.445
CDpgkZqvl0f1dLD4wj8Erw_1.jpg,3,0.1611652821302414,40.734277423409786,-73.99542902507527
CDpgkZqvl0f1dLD4wj8Erw_1.jpg,3,0.1487932652235031,40.73428181318019,-73.99543872188879
CDpgkZqvl0f1dLD4wj8Erw_1.jpg,2,0.07094964385032654,40.73428382321205,-73.99540991495377
CDpgkZqvl0f1dLD4wj8Erw_1.jpg,3,0.06261447072029114,40.73428677800656,-73.99541209231717
CDpgkZqvl0f1dLD4wj8Erw_1.jpg,2,0.05909125879406929,40.73427602206349,-73.99540484886376
CDpgkZqvl0f1dLD4wj8Erw_1.jpg,4,0.05527545139193535,40.734288267189456,-73.99541569768562
EOVeM63QppYwN9OoL-aK0Q_1.jpg,1,0.8545615077018738,40.733138272561035,-73.95824517751635
EOVeM63QppYwN9OoL-aK0Q_1.jpg,3,0.8526161313056946,40.733131079103096,-73.95824398567378
EOVeM63QppYwN9OoL-aK0Q_1.jpg,2,0.4675805866718292,40.73313826969379,-73.95824518437301
EOVeM63QppYwN9OoL-aK0Q_1.jpg,2,0.06450509279966354,40.73313592476246,-73.95824479186727
EOVeM63QppYwN9OoL-aK0Q_1.jpg,4,0.05114194378256798,40.73312857328677,-73.95824356142512
hK2AzA22EkC3YaJi8MW7kw_1.jpg,1,0.9334940314292908,0.0,0.0
hK2AzA22EkC3YaJi8MW7kw_1.jpg,2,0.26982763409614563,0.0,0.0
hK2AzA22EkC3YaJi8MW7kw_1.jpg,3,0.21869195997714996,0.0,0.0
hK2AzA22EkC3YaJi8MW7kw_1.jpg,2,0.105110764503479,0.0,0.0
hK2AzA22EkC3YaJi8MW7kw_1.jpg,2,0.07770229876041412,0.0,0.0
hK2AzA22EkC3YaJi8MW7kw_1.jpg,1,0.052812401205301285,0.0,0.0
hK2AzA22EkC3YaJi8MW7kw_1.jpg,4,0.05066091939806938,0.0,0.0
jJDrnygzb3thpSw79U-8_A_1.jpg,1,0.8965070843696594,0.0,0.0
jJDrnygzb3thpSw79U-8_A_1.jpg,1,0.7885456085205078,0.0,0.0
jJDrnygzb3thpSw79U-8_A_1.jpg,1,0.4564436376094818,0.0,0.0
jJDrnygzb3thpSw79U-8_A_1.jpg,2,0.32792866230010986,0.0,0.0
jJDrnygzb3thpSw79U-8_A_1.jpg,1,0.2878909707069397,0.0,0.0
jJDrnygzb3thpSw79U-8_A_1.jpg,2,0.2679877281188965,0.0,0.0
jJDrnygzb3thpSw79U-8_A_1.jpg,3,0.20839226245880127,0.0,0.0
jJDrnygzb3thpSw79U-8_A_1.jpg,2,0.1297067403793335,0.0,0.0
jJDrnygzb3thpSw79U-8_A_1.jpg,1,0.0895221009850502,0.0,0.0
mKgE52Fe5yAOzF9lg8rgGw_1.jpg,1,0.9535245299339294,40.65116717510809,-73.95575203508717
mKgE52Fe5yAOzF9lg8rgGw_1.jpg,3,0.8244615793228149,40.65116711398847,-73.95575154471747
mKgE52Fe5yAOzF9lg8rgGw_1.jpg,1,0.6647785902023315,40.65121827916946,-73.95575763608711
mKgE52Fe5yAOzF9lg8rgGw_1.jpg,2,0.3569542467594147,40.65116339693616,-73.95575135084677
mKgE52Fe5yAOzF9lg8rgGw_1.jpg,3,0.24373872578144073,40.6511942563833,-73.95575593095262
mKgE52Fe5yAOzF9lg8rgGw_1.jpg,3,0.10551269352436066,40.65116461467515,-73.95575121989876
Ols_waX0EReaVkam4J3OwQ_1.jpg,1,0.9620746374130249,40.728922982562295,-73.95732352294559
Ols_waX0EReaVkam4J3OwQ_1.jpg,1,0.9433293342590332,40.72890498554225,-73.9573206741869
Ols_waX0EReaVkam4J3OwQ_1.jpg,1,0.9371827244758606,40.72895271456095,-73.95731941713555
Ols_waX0EReaVkam4J3OwQ_1.jpg,2,0.5256476402282715,40.72895376240542,-73.95731843697534
Ols_waX0EReaVkam4J3OwQ_1.jpg,1,0.09916823357343674,40.72896045836492,-73.95731758482307
Ols_waX0EReaVkam4J3OwQ_1.jpg,2,0.07758378982543945,40.72889801286115,-73.95731957241081
wWozNvkfYj1yrRjCTweMpA_1.jpg,1,0.9799163341522217,40.72973253566926,-73.95768291398602
wWozNvkfYj1yrRjCTweMpA_1.jpg,1,0.8535011410713196,40.72965815020958,-73.95767266832621
wWozNvkfYj1yrRjCTweMpA_1.jpg,2,0.7557329535484314,40.72973638727704,-73.95768376453965
wWozNvkfYj1yrRjCTweMpA_1.jpg,1,0.6815654635429382,40.72963878744632,-73.95766410995532
wWozNvkfYj1yrRjCTweMpA_1.jpg,2,0.670943021774292,40.729706935239484,-73.9576797379451
wWozNvkfYj1yrRjCTweMpA_1.jpg,3,0.5096598863601685,40.729700750606895,-73.95767925907755
wWozNvkfYj1yrRjCTweMpA_1.jpg,3,0.44192150235176086,40.72963971367763,-73.95766509121233
wWozNvkfYj1yrRjCTweMpA_1.jpg,3,0.3872348368167877,40.72965661493717,-73.95767321961553
wWozNvkfYj1yrRjCTweMpA_1.jpg,3,0.3491222858428955,40.72973148847756,-73.95768345063814
wWozNvkfYj1yrRjCTweMpA_1.jpg,2,0.30969348549842834,40.72966271663004,-73.95767376248709
wWozNvkfYj1yrRjCTweMpA_1.jpg,2,0.24495644867420197,40.7297403118017,-73.95768434908632
wWozNvkfYj1yrRjCTweMpA_1.jpg,1,0.20517520606517792,40.72966854047963,-73.95767417511435
wWozNvkfYj1yrRjCTweMpA_1.jpg,1,0.10932622104883194,40.72970076553599,-73.95767852729455
wWozNvkfYj1yrRjCTweMpA_1.jpg,2,0.08201204985380173,40.72966390533568,-73.95767384624276
wWozNvkfYj1yrRjCTweMpA_1.jpg,1,0.08094166964292526,40.729684530591236,-73.95767615376735
wWozNvkfYj1yrRjCTweMpA_1.jpg,2,0.06321358680725098,40.72973386163536,-73.95768341528108
3hHuDSe-jrIkTvhtotaFrw_1.jpg,1,0.9765716791152954,40.73140803613469,-73.95794931269916
3hHuDSe-jrIkTvhtotaFrw_1.jpg,1,0.9442363381385803,40.73145494535973,-73.95795720654988
3hHuDSe-jrIkTvhtotaFrw_1.jpg,2,0.37779501080513,40.731460151129674,-73.95795828013013
3hHuDSe-jrIkTvhtotaFrw_1.jpg,2,0.33371981978416443,40.73141516800381,-73.95795077272517
3hHuDSe-jrIkTvhtotaFrw_1.jpg,1,0.2014654129743576,40.7314723094685,-73.95795994972507
3hHuDSe-jrIkTvhtotaFrw_1.jpg,2,0.09927627444267273,40.731411084891846,-73.95795008854425
3hHuDSe-jrIkTvhtotaFrw_1.jpg,2,0.07220291346311569,40.731477153922576,-73.9579607948099
3hHuDSe-jrIkTvhtotaFrw_1.jpg,3,0.056604862213134766,40.73147484251944,-73.95796086988393
3hHuDSe-jrIkTvhtotaFrw_1.jpg,3,0.05455567315220833,40.73148648724719,-73.95796280929375
HLcTkBsB_eroaR1QsKXkhQ_0.jpg,1,0.9573269486427307,40.71812125132236,-74.00480933311198
HLcTkBsB_eroaR1QsKXkhQ_0.jpg,1,0.9359483122825623,40.71811022555637,-74.00478438079651
HLcTkBsB_eroaR1QsKXkhQ_0.jpg,2,0.9336616396903992,40.71810780045031,-74.0047785086632
HLcTkBsB_eroaR1QsKXkhQ_0.jpg,2,0.48559847474098206,40.71811855794009,-74.00480260207084
HLcTkBsB_eroaR1QsKXkhQ_0.jpg,3,0.07061535865068436,40.71811055874327,-74.00478419308995
HLcTkBsB_eroaR1QsKXkhQ_0.jpg,4,0.05763547867536545,40.718123209769814,-74.0048127914596
HLcTkBsB_eroaR1QsKXkhQ_0.jpg,4,0.05603639781475067,40.71811133942886,-74.00478619627886
KclMPmyCAAMlvtCQ4ZjbkA_0.jpg,3,0.9647022485733032,40.590373586807495,-73.94437625074917
KclMPmyCAAMlvtCQ4ZjbkA_0.jpg,3,0.7700502872467041,40.590106659301625,-73.94422614774702
KclMPmyCAAMlvtCQ4ZjbkA_0.jpg,1,0.764024019241333,102551730642893.03,99273831233341.17
KclMPmyCAAMlvtCQ4ZjbkA_0.jpg,1,0.16325066983699799,102551730642893.03,99273831233341.17
mv47ehPmdbLdYpCQjtubqg_0.jpg,3,0.9834243655204773,40.73499208390429,-73.95827345374605
mv47ehPmdbLdYpCQjtubqg_0.jpg,1,0.9648511409759521,40.734987735860955,-73.95827209535021
mv47ehPmdbLdYpCQjtubqg_0.jpg,1,0.8601962327957153,40.73505388227805,-73.95828250612186
mv47ehPmdbLdYpCQjtubqg_0.jpg,2,0.8313268423080444,40.734981763728484,-73.95827142433221
mv47ehPmdbLdYpCQjtubqg_0.jpg,2,0.45584842562675476,40.7350013248577,-73.95827464317817
mv47ehPmdbLdYpCQjtubqg_0.jpg,1,0.17238347232341766,40.734965719303084,-73.95826850006353
mv47ehPmdbLdYpCQjtubqg_0.jpg,1,0.165171816945076,40.73501266330356,-73.9582759850212
mv47ehPmdbLdYpCQjtubqg_0.jpg,2,0.11418679356575012,40.73497882026123,-73.95827101261573
mv47ehPmdbLdYpCQjtubqg_0.jpg,3,0.08623991161584854,40.7350108033459,-73.95827632778305
mv47ehPmdbLdYpCQjtubqg_0.jpg,3,0.06553607434034348,40.73497294941061,-73.95827035761168
mv47ehPmdbLdYpCQjtubqg_0.jpg,2,0.06037135422229767,40.735045211317164,-73.95828152256459
oTqtLJlmM2P1-xmodiY_5g_0.jpg,1,0.9531269073486328,40.71931133925989,-74.00796721754799
oTqtLJlmM2P1-xmodiY_5g_0.jpg,1,0.9346883296966553,40.719318411603155,-74.0080282366602
oTqtLJlmM2P1-xmodiY_5g_0.jpg,2,0.870849072933197,40.71931059299719,-74.00795908771804
oTqtLJlmM2P1-xmodiY_5g_0.jpg,1,0.8675251603126526,40.719305533423594,-74.00790477128625
oTqtLJlmM2P1-xmodiY_5g_0.jpg,2,0.8012464642524719,40.71930529565815,-74.00790210278144
oTqtLJlmM2P1-xmodiY_5g_0.jpg,3,0.7621250152587891,40.719305306527254,-74.00790209656846
oTqtLJlmM2P1-xmodiY_5g_0.jpg,3,0.7529058456420898,40.71931896368883,-74.00803550426316
oTqtLJlmM2P1-xmodiY_5g_0.jpg,2,0.7505130171775818,40.71931791605313,-74.00802145816706
oTqtLJlmM2P1-xmodiY_5g_0.jpg,3,0.32801520824432373,40.71930940490576,-74.00794619882696
oTqtLJlmM2P1-xmodiY_5g_0.jpg,3,0.12404695153236389,40.7193100631443,-74.00798937868078
oTqtLJlmM2P1-xmodiY_5g_0.jpg,1,0.09463069587945938,40.71930915042269,-74.00794368799505
oTqtLJlmM2P1-xmodiY_5g_0.jpg,4,0.050802312791347504,40.71930554948574,-74.00790476271739
r6Gszu9k05QXjBtCgX2Hcg_0.jpg,1,0.9832996726036072,0.0,0.0
r6Gszu9k05QXjBtCgX2Hcg_0.jpg,1,0.9579434394836426,0.0,0.0
r6Gszu9k05QXjBtCgX2Hcg_0.jpg,1,0.7992729544639587,0.0,0.0
r6Gszu9k05QXjBtCgX2Hcg_0.jpg,2,0.3136777877807617,0.0,0.0
r6Gszu9k05QXjBtCgX2Hcg_0.jpg,2,0.2987266182899475,0.0,0.0
r6Gszu9k05QXjBtCgX2Hcg_0.jpg,3,0.11030483990907669,0.0,0.0
UGu9BWws7qdU8kOkM8itXQ_0.jpg,1,0.9821334481239319,40.718158362424475,-74.00489622742165
UGu9BWws7qdU8kOkM8itXQ_0.jpg,3,0.9805112481117249,40.718159563690286,-74.00489693705062
UGu9BWws7qdU8kOkM8itXQ_0.jpg,3,0.9237309694290161,40.718148501933904,-74.00487227408345
UGu9BWws7qdU8kOkM8itXQ_0.jpg,1,0.8475452661514282,40.71814612832144,-74.00486921129918
UGu9BWws7qdU8kOkM8itXQ_0.jpg,1,0.841457188129425,40.718177067720035,-74.0049378349966
UGu9BWws7qdU8kOkM8itXQ_0.jpg,2,0.44086045026779175,40.71815531874791,-74.00488834100717
UGu9BWws7qdU8kOkM8itXQ_0.jpg,2,0.16106650233268738,40.71817690039176,-74.00493641154142
UGu9BWws7qdU8kOkM8itXQ_0.jpg,2,0.14796368777751923,40.718155622622604,-74.00488935230815
xsuHPxbnB3dzIEShCT5UtQ_0.jpg,1,0.9704328775405884,40.727291673302176,-73.95732486221027
xsuHPxbnB3dzIEShCT5UtQ_0.jpg,3,0.8945479989051819,40.72728748787304,-73.95732531430335
xsuHPxbnB3dzIEShCT5UtQ_0.jpg,3,0.5504258871078491,40.727230532446654,-73.95733423617695
xsuHPxbnB3dzIEShCT5UtQ_0.jpg,1,0.498422771692276,40.727310469201385,-73.95732191988058
xsuHPxbnB3dzIEShCT5UtQ_0.jpg,2,0.49440014362335205,40.72729852824888,-73.957323683863
xsuHPxbnB3dzIEShCT5UtQ_0.jpg,1,0.13127507269382477,40.72736164802177,-73.95732117800641
_0UWVi_fhk1Tucg5-Z2qkg_0.jpg,3,0.985587477684021,40.72682186322421,-73.95741219489273
_0UWVi_fhk1Tucg5-Z2qkg_0.jpg,1,0.9619547128677368,40.72682544088349,-73.95741215595135
_0UWVi_fhk1Tucg5-Z2qkg_0.jpg,1,0.884443998336792,40.726946549488964,-73.95738996100529
_0UWVi_fhk1Tucg5-Z2qkg_0.jpg,2,0.6074306964874268,40.7269517715464,-73.95738880731207
EYku_OaFkXFrMlPuG5RZWA_1.jpg,1,0.9544057250022888,0.0,0.0
EYku_OaFkXFrMlPuG5RZWA_1.jpg,1,0.6579324007034302,0.0,0.0
EYku_OaFkXFrMlPuG5RZWA_1.jpg,2,0.286910742521286,0.0,0.0
EYku_OaFkXFrMlPuG5RZWA_1.jpg,1,0.27760592103004456,0.0,0.0
EYku_OaFkXFrMlPuG5RZWA_1.jpg,3,0.18406565487384796,0.0,0.0
EYku_OaFkXFrMlPuG5RZWA_1.jpg,2,0.14052672684192657,0.0,0.0
EYku_OaFkXFrMlPuG5RZWA_1.jpg,3,0.13528519868850708,0.0,0.0
EYku_OaFkXFrMlPuG5RZWA_1.jpg,3,0.09509602189064026,0.0,0.0
EYku_OaFkXFrMlPuG5RZWA_1.jpg,2,0.057796329259872437,0.0,0.0
KEwajc8SlEJ5LTbjja-SUw_1.jpg,1,0.9520849585533142,0.0,0.0
KEwajc8SlEJ5LTbjja-SUw_1.jpg,1,0.9186677932739258,0.0,0.0
KEwajc8SlEJ5LTbjja-SUw_1.jpg,1,0.8394190073013306,0.0,0.0
KEwajc8SlEJ5LTbjja-SUw_1.jpg,1,0.7944883704185486,0.0,0.0
KEwajc8SlEJ5LTbjja-SUw_1.jpg,1,0.7208676338195801,0.0,0.0
KEwajc8SlEJ5LTbjja-SUw_1.jpg,2,0.3740027844905853,0.0,0.0
KEwajc8SlEJ5LTbjja-SUw_1.jpg,1,0.3199867010116577,0.0,0.0
KEwajc8SlEJ5LTbjja-SUw_1.jpg,2,0.27066704630851746,0.0,0.0
KEwajc8SlEJ5LTbjja-SUw_1.jpg,1,0.22469256818294525,0.0,0.0
KEwajc8SlEJ5LTbjja-SUw_1.jpg,2,0.21747800707817078,0.0,0.0
KEwajc8SlEJ5LTbjja-SUw_1.jpg,2,0.18587446212768555,0.0,0.0
KEwajc8SlEJ5LTbjja-SUw_1.jpg,3,0.14155034720897675,0.0,0.0
KEwajc8SlEJ5LTbjja-SUw_1.jpg,2,0.08936964720487595,0.0,0.0
KEwajc8SlEJ5LTbjja-SUw_1.jpg,2,0.0701555386185646,0.0,0.0
KEwajc8SlEJ5LTbjja-SUw_1.jpg,2,0.055384617298841476,0.0,0.0
_kZgMDYln1dUd5AcdETOkg_1.jpg,3,0.9883131384849548,40.68489323129513,-73.95408999261224
_kZgMDYln1dUd5AcdETOkg_1.jpg,1,0.9753705263137817,40.68489108600928,-73.95409017253942
_kZgMDYln1dUd5AcdETOkg_1.jpg,2,0.8890354633331299,40.68488455253926,-73.95408839426123
_kZgMDYln1dUd5AcdETOkg_1.jpg,1,0.6051504611968994,40.68491518000418,-73.95409567301076
_kZgMDYln1dUd5AcdETOkg_1.jpg,2,0.1937175840139389,40.68490583248381,-73.95409315217228
_kZgMDYln1dUd5AcdETOkg_1.jpg,3,0.15633924305438995,40.68491217380581,-73.95409421741317
_kZgMDYln1dUd5AcdETOkg_1.jpg,2,0.09461994469165802,40.68488119953426,-73.95408763239229
_kZgMDYln1dUd5AcdETOkg_1.jpg,2,0.08176861703395844,40.684891086312845,-73.95408976725612
_kZgMDYln1dUd5AcdETOkg_1.jpg,2,0.06863836199045181,40.684914209070946,-73.95409505122021
4zMB5PaIJVtjL5DAbLXfAQ_1.jpg,3,0.9891278147697449,40.59558980241365,-73.94600959517298
4zMB5PaIJVtjL5DAbLXfAQ_1.jpg,3,0.9770442843437195,40.59565351227555,-73.94602323623634
4zMB5PaIJVtjL5DAbLXfAQ_1.jpg,3,0.9528512358665466,40.595553682870175,-73.94600187203258
4zMB5PaIJVtjL5DAbLXfAQ_1.jpg,3,0.8302174210548401,40.59532464986039,-73.94620225366668
4zMB5PaIJVtjL5DAbLXfAQ_1.jpg,3,0.4915488064289093,40.595551888260424,-73.94600152993908
4zMB5PaIJVtjL5DAbLXfAQ_1.jpg,1,0.06862005591392517,40.5955644040274,-73.94600405060568
476lNsTIa28u4ld0bsMYhA_1.jpg,1,0.9658495187759399,40.728750044721686,-73.95731449922022
476lNsTIa28u4ld0bsMYhA_1.jpg,1,0.9480414390563965,40.72878365865621,-73.95730730553566
476lNsTIa28u4ld0bsMYhA_1.jpg,2,0.6380414962768555,40.728740639150566,-73.95730833893744
476lNsTIa28u4ld0bsMYhA_1.jpg,1,0.36877456307411194,40.728814598107036,-73.95731252646625
476lNsTIa28u4ld0bsMYhA_1.jpg,3,0.2359285205602646,40.72878172154572,-73.9573071208189
476lNsTIa28u4ld0bsMYhA_1.jpg,3,0.1240946426987648,40.72880466437358,-73.95731098064628
476lNsTIa28u4ld0bsMYhA_1.jpg,2,0.08018814772367477,40.72875672657265,-73.95731908850748
476lNsTIa28u4ld0bsMYhA_1.jpg,3,0.07320580631494522,40.728800822092694,-73.95731030520125
476lNsTIa28u4ld0bsMYhA_1.jpg,2,0.06759385764598846,40.72874863822969,-73.95731365376386
FeY5aFwb1GirtNHQ4qKUcw_0.jpg,1,0.940460741519928,40.72832359358717,-73.9571920118582
FeY5aFwb1GirtNHQ4qKUcw_0.jpg,1,0.6425424814224243,40.728290757037286,-73.95718661037748
FeY5aFwb1GirtNHQ4qKUcw_0.jpg,2,0.2553679645061493,40.72832221858796,-73.95719236348208
FeY5aFwb1GirtNHQ4qKUcw_0.jpg,3,0.06690827757120132,40.72835905573768,-73.95719852462219
HYXq16Qgz6Oj-AyUeqZQTw_0.jpg,1,0.9786533117294312,40.641253366751,-73.95414893029077
HYXq16Qgz6Oj-AyUeqZQTw_0.jpg,3,0.6529873013496399,40.64121728850813,-73.95418877831283
HYXq16Qgz6Oj-AyUeqZQTw_0.jpg,3,0.3771798014640808,40.641251419695244,-73.95414952649624
HYXq16Qgz6Oj-AyUeqZQTw_0.jpg,1,0.11467816680669785,40.6413777148744,-73.9541724375746
HYXq16Qgz6Oj-AyUeqZQTw_0.jpg,1,0.10388681292533875,40.64120871165172,-73.95414050620299
HYXq16Qgz6Oj-AyUeqZQTw_0.jpg,1,0.09757063537836075,40.64122973814209,-73.95414431036714
HYXq16Qgz6Oj-AyUeqZQTw_0.jpg,1,0.09425433725118637,40.641270559726124,-73.95415216609494
HYXq16Qgz6Oj-AyUeqZQTw_0.jpg,2,0.08749094605445862,40.64125143165818,-73.95414896762752
HYXq16Qgz6Oj-AyUeqZQTw_0.jpg,2,0.07310814410448074,40.64124368023027,-73.95414750987369
0bUByziVbU98bIDQC73N4w_0.jpg,1,0.9761985540390015,40.72954366236059,-73.95739245654696
0bUByziVbU98bIDQC73N4w_0.jpg,3,0.9710792899131775,40.72954530860919,-73.95739353239519
0bUByziVbU98bIDQC73N4w_0.jpg,3,0.9662241339683533,40.7296104823893,-73.95740413059663
0bUByziVbU98bIDQC73N4w_0.jpg,1,0.8907502293586731,40.72960933065094,-73.95740292719928
0bUByziVbU98bIDQC73N4w_0.jpg,2,0.4053666591644287,40.729607781372756,-73.957403125424
0bUByziVbU98bIDQC73N4w_0.jpg,2,0.07628688961267471,40.72954220767252,-73.957392627182
0bUByziVbU98bIDQC73N4w_0.jpg,2,0.05156039819121361,40.72954369219265,-73.95739263497134
A2AXp9Kbd6cG1u7T_D1f8Q_0.jpg,1,0.9470241069793701,40.71859962005437,-73.95703865764617
A2AXp9Kbd6cG1u7T_D1f8Q_0.jpg,1,0.8713668584823608,-10451219525100.344,-167364565999896.56
A2AXp9Kbd6cG1u7T_D1f8Q_0.jpg,1,0.723021924495697,40.718522277575524,-73.95712228053777
A2AXp9Kbd6cG1u7T_D1f8Q_0.jpg,3,0.6696710586547852,40.7185182650124,-73.95712660533128
A2AXp9Kbd6cG1u7T_D1f8Q_0.jpg,1,0.6071961522102356,40.71861010759739,-73.95702731205299
A2AXp9Kbd6cG1u7T_D1f8Q_0.jpg,2,0.5059967637062073,40.71852227760486,-73.95712227492264
A2AXp9Kbd6cG1u7T_D1f8Q_0.jpg,2,0.4461737275123596,40.71860234075131,-73.95703570362292
A2AXp9Kbd6cG1u7T_D1f8Q_0.jpg,2,0.28850412368774414,40.718554423297235,-73.95723260421309
cQ1HUC6CRpXX6kN9RxOcRw_1.jpg,1,0.8925439119338989,40.785154630949755,-73.95741409441251
cQ1HUC6CRpXX6kN9RxOcRw_1.jpg,3,0.48234763741493225,40.78515044663692,-73.95740353989686
cQ1HUC6CRpXX6kN9RxOcRw_1.jpg,2,0.3132645785808563,40.78515475399629,-73.9574139684324
cQ1HUC6CRpXX6kN9RxOcRw_1.jpg,2,0.17762517929077148,40.78515754143532,-73.95742060807578
cQ1HUC6CRpXX6kN9RxOcRw_1.jpg,2,0.08124601095914841,40.785151378365796,-73.95740624718327
cQ1HUC6CRpXX6kN9RxOcRw_1.jpg,3,0.07823792845010757,40.78514059531141,-73.95738192073833
UxGvYvqpgUw_OWMjeGJoiQ_1.jpg,3,0.9588897228240967,0.0,0.0
UxGvYvqpgUw_OWMjeGJoiQ_1.jpg,1,0.1899092048406601,0.0,0.0
UxGvYvqpgUw_OWMjeGJoiQ_1.jpg,1,0.11238732933998108,0.0,0.0
UxGvYvqpgUw_OWMjeGJoiQ_1.jpg,1,0.09929300844669342,0.0,0.0
UxGvYvqpgUw_OWMjeGJoiQ_1.jpg,2,0.05376095324754715,0.0,0.0
UxGvYvqpgUw_OWMjeGJoiQ_1.jpg,1,0.05024880915880203,0.0,0.0
Yqiz1aqXRIdsHdGU3-EQ1w_1.jpg,1,0.6883641481399536,0.0,0.0
Yqiz1aqXRIdsHdGU3-EQ1w_1.jpg,1,0.09322885423898697,0.0,0.0
Yqiz1aqXRIdsHdGU3-EQ1w_1.jpg,1,0.0836402177810669,0.0,0.0
6-5td0o5plE9EefPfW1PGA_1.jpg,1,0.95989590883255,0.0,0.0
6-5td0o5plE9EefPfW1PGA_1.jpg,3,0.5481721758842468,0.0,0.0
6-5td0o5plE9EefPfW1PGA_1.jpg,3,0.310519814491272,0.0,0.0
6-5td0o5plE9EefPfW1PGA_1.jpg,2,0.29835274815559387,0.0,0.0
6-5td0o5plE9EefPfW1PGA_1.jpg,3,0.21538276970386505,0.0,0.0
6-5td0o5plE9EefPfW1PGA_1.jpg,3,0.18620507419109344,0.0,0.0
6-5td0o5plE9EefPfW1PGA_1.jpg,3,0.1465398520231247,0.0,0.0
6-5td0o5plE9EefPfW1PGA_1.jpg,3,0.09879285097122192,0.0,0.0
ACRQTf36cspTg2xZTD-x4w_1.jpg,3,0.969153642654419,40.61521833628273,-73.94995088933253
ACRQTf36cspTg2xZTD-x4w_1.jpg,3,0.967441737651825,40.61500010954161,-73.94990109861082
ACRQTf36cspTg2xZTD-x4w_1.jpg,1,0.06583134084939957,102076026750308.47,100157818445925.94
dcnABZIxqxH0DBUD6dKNqA_0.jpg,1,0.9200936555862427,40.71870679794258,-74.00603861608651
dcnABZIxqxH0DBUD6dKNqA_0.jpg,2,0.8790177702903748,40.71870534828468,-74.00603648270737
dcnABZIxqxH0DBUD6dKNqA_0.jpg,3,0.7814491987228394,40.718741300505215,-74.00611396553985
dcnABZIxqxH0DBUD6dKNqA_0.jpg,3,0.6725444197654724,40.71870571344698,-74.00603812063686
dcnABZIxqxH0DBUD6dKNqA_0.jpg,1,0.34932637214660645,40.71872114906826,-74.0060710068315
dcnABZIxqxH0DBUD6dKNqA_0.jpg,1,0.325456827878952,40.71873752262213,-74.00610431271497
dcnABZIxqxH0DBUD6dKNqA_0.jpg,1,0.21652981638908386,40.71873259045906,-74.00609419162402
dcnABZIxqxH0DBUD6dKNqA_0.jpg,3,0.11158577352762222,40.71873256098413,-74.00609565137238
dcnABZIxqxH0DBUD6dKNqA_0.jpg,1,0.05619065836071968,40.71874951039131,-74.0061306868105
lflrQFiCNYbi8IvJv_iywQ_0.jpg,3,0.9692199230194092,40.79213031304791,-73.95221376992009
lflrQFiCNYbi8IvJv_iywQ_0.jpg,1,0.9652935862541199,40.792137211347416,-73.95223221070883
lflrQFiCNYbi8IvJv_iywQ_0.jpg,1,0.28881946206092834,40.79213364937004,-73.9522237494204
lflrQFiCNYbi8IvJv_iywQ_0.jpg,2,0.26520273089408875,40.7921395246706,-73.9522368878705
lflrQFiCNYbi8IvJv_iywQ_0.jpg,2,0.17742617428302765,40.79214172109322,-73.95224185815263
lflrQFiCNYbi8IvJv_iywQ_0.jpg,1,0.10971987992525101,40.792088501116524,-73.95211643992407
lflrQFiCNYbi8IvJv_iywQ_0.jpg,1,0.10242602229118347,40.792142137192236,-73.95224331870894
Z49HFaR03hNKKWHp9sTPGA_0.jpg,3,0.9932559728622437,40.7311424942487,-73.95793990224507
Z49HFaR03hNKKWHp9sTPGA_0.jpg,1,0.9632505178451538,40.73114505149793,-73.95794008347285
Z49HFaR03hNKKWHp9sTPGA_0.jpg,1,0.8308013677597046,40.73116027340173,-73.95794694211828
Z49HFaR03hNKKWHp9sTPGA_0.jpg,2,0.05225886031985283,40.73116722185261,-73.95795365804824
7YMO4EOsdaPFnSSiX5FhrQ_0.jpg,1,0.9631682634353638,40.71927509886591,-74.00750424133702
7YMO4EOsdaPFnSSiX5FhrQ_0.jpg,1,0.8909333348274231,40.71928424020442,-74.00758877329402
7YMO4EOsdaPFnSSiX5FhrQ_0.jpg,2,0.8318123817443848,40.71928353446787,-74.00758041983724
7YMO4EOsdaPFnSSiX5FhrQ_0.jpg,2,0.8194392919540405,40.71927450985131,-74.00749589526546
7YMO4EOsdaPFnSSiX5FhrQ_0.jpg,1,0.8157775402069092,40.71927246491903,-74.00748061482464
7YMO4EOsdaPFnSSiX5FhrQ_0.jpg,1,0.7973452806472778,40.719276753360134,-74.00751952514902
7YMO4EOsdaPFnSSiX5FhrQ_0.jpg,1,0.6835867762565613,40.71928139679492,-74.00756306121883
7YMO4EOsdaPFnSSiX5FhrQ_0.jpg,2,0.6652447581291199,40.719275987208796,-74.007509732054
7YMO4EOsdaPFnSSiX5FhrQ_0.jpg,3,0.10394921898841858,40.719283832450955,-74.00758061869502
7YMO4EOsdaPFnSSiX5FhrQ_0.jpg,3,0.08887740969657898,40.719281123790346,-74.0075579388695
DjnMRxiFuHmlBbPayDGtTQ_1.jpg,1,0.9565274715423584,40.719323848879185,-74.00993979340852
DjnMRxiFuHmlBbPayDGtTQ_1.jpg,1,0.8956435918807983,40.71931884363862,-74.0098946314893
DjnMRxiFuHmlBbPayDGtTQ_1.jpg,1,0.797208309173584,40.719328011096025,-74.00997877631592
DjnMRxiFuHmlBbPayDGtTQ_1.jpg,2,0.23936568200588226,40.719319054581185,-74.00989459500404
DjnMRxiFuHmlBbPayDGtTQ_1.jpg,2,0.21493925154209137,40.71932455594762,-74.00994498818261
DjnMRxiFuHmlBbPayDGtTQ_1.jpg,1,0.16457012295722961,40.719311918301116,-74.00983036383634
DjnMRxiFuHmlBbPayDGtTQ_1.jpg,1,0.08851611614227295,40.719316317801905,-74.00986934364099
DjnMRxiFuHmlBbPayDGtTQ_1.jpg,3,0.07076171040534973,40.71932449296716,-74.00994122461819
DjnMRxiFuHmlBbPayDGtTQ_1.jpg,2,0.06087499111890793,40.71932400751674,-74.00993968586452
liQKrbOZi3MBZnmLyiDvdA_1.jpg,1,0.9806837439537048,40.71780874477834,-74.00447920579174
liQKrbOZi3MBZnmLyiDvdA_1.jpg,1,0.9072134494781494,40.71778761339503,-74.00443344906975
liQKrbOZi3MBZnmLyiDvdA_1.jpg,1,0.8648998141288757,40.717793155319484,-74.00444543373456
liQKrbOZi3MBZnmLyiDvdA_1.jpg,1,0.8019198179244995,40.717825515983456,-74.00451537897438
liQKrbOZi3MBZnmLyiDvdA_1.jpg,1,0.7281041741371155,40.717798798841365,-74.00445755724083
liQKrbOZi3MBZnmLyiDvdA_1.jpg,2,0.6803762912750244,40.71780982606307,-74.00448103733677
liQKrbOZi3MBZnmLyiDvdA_1.jpg,3,0.6234923005104065,40.71780765440615,-74.00447591360411
liQKrbOZi3MBZnmLyiDvdA_1.jpg,3,0.6100007891654968,40.71780816564584,-74.00447684210911
liQKrbOZi3MBZnmLyiDvdA_1.jpg,2,0.5993034839630127,40.717802563503206,-74.00446528591762
liQKrbOZi3MBZnmLyiDvdA_1.jpg,2,0.38700392842292786,40.71782691241541,-74.00451775352393
liQKrbOZi3MBZnmLyiDvdA_1.jpg,2,0.2546321749687195,40.717793290150375,-74.00444538077541
liQKrbOZi3MBZnmLyiDvdA_1.jpg,3,0.23645401000976562,40.71779160666971,-74.00444106741547
liQKrbOZi3MBZnmLyiDvdA_1.jpg,2,0.1988106667995453,40.7177957095767,-74.00445049101157
liQKrbOZi3MBZnmLyiDvdA_1.jpg,2,0.1943225860595703,40.717788865719996,-74.00443566575586
liQKrbOZi3MBZnmLyiDvdA_1.jpg,2,0.10790340602397919,40.717798934595315,-74.00445747359667
liQKrbOZi3MBZnmLyiDvdA_1.jpg,1,0.050760041922330856,40.71781755342366,-74.00449818820513
N-OFF0vucJZobzlNOLrv6A_1.jpg,3,0.9768447279930115,40.719113688920736,-74.00766843835866
N-OFF0vucJZobzlNOLrv6A_1.jpg,3,0.9703365564346313,40.719120658852745,-74.00773680194142
N-OFF0vucJZobzlNOLrv6A_1.jpg,1,0.927143394947052,40.719112834674384,-74.00766258132049
N-OFF0vucJZobzlNOLrv6A_1.jpg,1,0.8869186639785767,40.7191084432327,-74.00761932683993
N-OFF0vucJZobzlNOLrv6A_1.jpg,1,0.8712079524993896,40.7191055384832,-74.00759064763304
N-OFF0vucJZobzlNOLrv6A_1.jpg,1,0.7993549704551697,40.71912108549387,-74.00774402437966
N-OFF0vucJZobzlNOLrv6A_1.jpg,2,0.41051000356674194,40.719114039039,-74.00767299112707
N-OFF0vucJZobzlNOLrv6A_1.jpg,2,0.4088573157787323,40.71910658682146,-74.00759963756214
N-OFF0vucJZobzlNOLrv6A_1.jpg,3,0.37943869829177856,40.71910561141193,-74.0075889198901
N-OFF0vucJZobzlNOLrv6A_1.jpg,1,0.28867998719215393,40.719116626689825,-74.00770030273162
N-OFF0vucJZobzlNOLrv6A_1.jpg,1,0.24880361557006836,40.71910352796208,-74.00757090656126
N-OFF0vucJZobzlNOLrv6A_1.jpg,1,0.14368179440498352,40.71911914204694,-74.00772435574218
N-OFF0vucJZobzlNOLrv6A_1.jpg,2,0.07436659932136536,40.71910953406965,-74.00762858672326
Sb9wtl54jcpE7x98QJlC1w_1.jpg,3,0.9106824994087219,40.71917936528301,-74.00823894216322
Sb9wtl54jcpE7x98QJlC1w_1.jpg,1,0.9004961848258972,100064543733468.6,-103782394005530.88
Sb9wtl54jcpE7x98QJlC1w_1.jpg,1,0.8442786931991577,40.71917916690332,-74.00823765927159
Sb9wtl54jcpE7x98QJlC1w_1.jpg,3,0.6623398661613464,40.71910302059565,-74.00811635599626
Sb9wtl54jcpE7x98QJlC1w_1.jpg,2,0.5702908635139465,40.71917920454739,-74.00823764845143
Sb9wtl54jcpE7x98QJlC1w_1.jpg,3,0.5033751130104065,40.71917752288252,-74.00822080892073
Sb9wtl54jcpE7x98QJlC1w_1.jpg,3,0.3692978322505951,40.71920309259918,-74.0082641034128
Sb9wtl54jcpE7x98QJlC1w_1.jpg,1,0.33211734890937805,40.71917772856058,-74.00822341044754
ZadGPscBZ6pRKMkgV8wnfA_1.jpg,3,0.9925111532211304,40.627733267668965,-73.95132047286847
ZadGPscBZ6pRKMkgV8wnfA_1.jpg,1,0.9757313132286072,-102591202186227.61,-99258312689642.64
ZadGPscBZ6pRKMkgV8wnfA_1.jpg,3,0.9756898880004883,-102591202186227.61,-99258312689642.64
ZadGPscBZ6pRKMkgV8wnfA_1.jpg,1,0.3514922559261322,-102591202186227.61,-99258312689642.64
ZadGPscBZ6pRKMkgV8wnfA_1.jpg,2,0.23401714861392975,-102591202186227.61,-99258312689642.64
ZadGPscBZ6pRKMkgV8wnfA_1.jpg,1,0.07450063526630402,-102591202186227.61,-99258312689642.64
1J9kGrNztc2pQwvz-aC27g_1.jpg,1,0.8494412899017334,0.0,0.0
1J9kGrNztc2pQwvz-aC27g_1.jpg,3,0.5292242765426636,0.0,0.0
1J9kGrNztc2pQwvz-aC27g_1.jpg,3,0.4226242005825043,0.0,0.0
1J9kGrNztc2pQwvz-aC27g_1.jpg,1,0.3834341764450073,0.0,0.0
1J9kGrNztc2pQwvz-aC27g_1.jpg,1,0.12706111371517181,0.0,0.0
1J9kGrNztc2pQwvz-aC27g_1.jpg,1,0.07061631977558136,0.0,0.0
AP9lPmcgrvGcV7X2aIxbUw_1.jpg,1,0.9528061151504517,40.73306988550468,-73.99628059074713
AP9lPmcgrvGcV7X2aIxbUw_1.jpg,3,0.2904907166957855,40.733075474753505,-73.99629302578983
AP9lPmcgrvGcV7X2aIxbUw_1.jpg,1,0.19952285289764404,40.73307365943033,-73.99628955484202
DnkWidDBSrFCbQGY7NRR8w_0.jpg,1,0.9430814981460571,0.0,0.0
DnkWidDBSrFCbQGY7NRR8w_0.jpg,1,0.918432891368866,0.0,0.0
DnkWidDBSrFCbQGY7NRR8w_0.jpg,1,0.35181865096092224,0.0,0.0
DnkWidDBSrFCbQGY7NRR8w_0.jpg,3,0.329097181558609,0.0,0.0
DnkWidDBSrFCbQGY7NRR8w_0.jpg,3,0.10352087020874023,0.0,0.0
DnkWidDBSrFCbQGY7NRR8w_0.jpg,2,0.07969503849744797,0.0,0.0
DnkWidDBSrFCbQGY7NRR8w_0.jpg,2,0.06298491358757019,0.0,0.0
DnkWidDBSrFCbQGY7NRR8w_0.jpg,1,0.05977342277765274,0.0,0.0
DnkWidDBSrFCbQGY7NRR8w_0.jpg,2,0.058903079479932785,0.0,0.0
DnkWidDBSrFCbQGY7NRR8w_0.jpg,2,0.053182460367679596,0.0,0.0
lTZxIA2FR4UZqAYl0PYnmw_0.jpg,3,0.9861150979995728,0.0,0.0
lTZxIA2FR4UZqAYl0PYnmw_0.jpg,3,0.98336261510849,0.0,0.0
lTZxIA2FR4UZqAYl0PYnmw_0.jpg,1,0.6810705065727234,0.0,0.0
lTZxIA2FR4UZqAYl0PYnmw_0.jpg,3,0.47964248061180115,0.0,0.0
lTZxIA2FR4UZqAYl0PYnmw_0.jpg,1,0.4607083797454834,0.0,0.0
lTZxIA2FR4UZqAYl0PYnmw_0.jpg,3,0.0890359878540039,0.0,0.0
lTZxIA2FR4UZqAYl0PYnmw_0.jpg,1,0.06834045052528381,0.0,0.0
WMz-tr-_lHdPO06MmUs0_A_0.jpg,1,0.9646965861320496,40.786554747855504,-73.95641935712564
WMz-tr-_lHdPO06MmUs0_A_0.jpg,3,0.7808825969696045,40.786539278267036,-73.95638106433337
WMz-tr-_lHdPO06MmUs0_A_0.jpg,3,0.6194324493408203,40.78651009253995,-73.95631060917842
WMz-tr-_lHdPO06MmUs0_A_0.jpg,2,0.5993250608444214,40.78655156317265,-73.9564104817536
WMz-tr-_lHdPO06MmUs0_A_0.jpg,1,0.5073327422142029,40.786527194368034,-73.95635329435207
WMz-tr-_lHdPO06MmUs0_A_0.jpg,1,0.2695823609828949,40.78654199391308,-73.95638904630181
WMz-tr-_lHdPO06MmUs0_A_0.jpg,1,0.20190419256687164,40.78653817527885,-73.95637986668322
WMz-tr-_lHdPO06MmUs0_A_0.jpg,3,0.18394215404987335,40.7865249975208,-73.95634649913579
WMz-tr-_lHdPO06MmUs0_A_0.jpg,1,0.14067640900611877,123174987633508.7,-42345316527863.44
WMz-tr-_lHdPO06MmUs0_A_0.jpg,1,0.11204248666763306,40.786504434342305,-73.95629830069738
WMz-tr-_lHdPO06MmUs0_A_0.jpg,1,0.07661863416433334,40.786518751186236,-73.95633278776371
WMz-tr-_lHdPO06MmUs0_A_0.jpg,3,0.06373484432697296,40.786556440590736,-73.95642154566308
WMz-tr-_lHdPO06MmUs0_A_0.jpg,3,0.05144890770316124,40.78650642957928,-73.95630168773737
9IhhGLWFEc1hdwV6KZ0k1A_0.jpg,1,0.7629044055938721,40.61628769073033,-73.9494994210563
9IhhGLWFEc1hdwV6KZ0k1A_0.jpg,3,0.163138285279274,40.616283415751994,-73.94949937652206
lXJkxPyoB-JTPV0BIyragA_1.jpg,1,0.9498136639595032,0.0,0.0
lXJkxPyoB-JTPV0BIyragA_1.jpg,1,0.9456349015235901,0.0,0.0
lXJkxPyoB-JTPV0BIyragA_1.jpg,2,0.8055108189582825,0.0,0.0
lXJkxPyoB-JTPV0BIyragA_1.jpg,1,0.47091278433799744,0.0,0.0
lXJkxPyoB-JTPV0BIyragA_1.jpg,2,0.11561066657304764,0.0,0.0
nylvcutQbuBhh8U43Hbydw_1.jpg,3,0.987946093082428,0.0,0.0
nylvcutQbuBhh8U43Hbydw_1.jpg,3,0.9772417545318604,0.0,0.0
nylvcutQbuBhh8U43Hbydw_1.jpg,1,0.94730144739151,0.0,0.0
nylvcutQbuBhh8U43Hbydw_1.jpg,1,0.5273243188858032,0.0,0.0
nylvcutQbuBhh8U43Hbydw_1.jpg,2,0.2847540080547333,0.0,0.0
nylvcutQbuBhh8U43Hbydw_1.jpg,3,0.21082431077957153,0.0,0.0
nylvcutQbuBhh8U43Hbydw_1.jpg,1,0.18164418637752533,0.0,0.0
nylvcutQbuBhh8U43Hbydw_1.jpg,1,0.12537825107574463,0.0,0.0
nylvcutQbuBhh8U43Hbydw_1.jpg,3,0.11390773952007294,0.0,0.0
nylvcutQbuBhh8U43Hbydw_1.jpg,1,0.11351744085550308,0.0,0.0
nylvcutQbuBhh8U43Hbydw_1.jpg,2,0.0502607487142086,0.0,0.0
Q-jzMfPsHipfzsDmL8RuzQ_1.jpg,3,0.987440824508667,40.70122876438025,-73.95769764982626
Q-jzMfPsHipfzsDmL8RuzQ_1.jpg,3,0.981689453125,40.701187600030636,-73.95756196232341
Q-jzMfPsHipfzsDmL8RuzQ_1.jpg,3,0.9749182462692261,40.701217427727265,-73.95764185672829
Q-jzMfPsHipfzsDmL8RuzQ_1.jpg,1,0.9620903134346008,40.70121711121612,-73.95768368010901
Q-jzMfPsHipfzsDmL8RuzQ_1.jpg,1,0.9363329410552979,-126676222255777.81,-16324649890356.33
Q-jzMfPsHipfzsDmL8RuzQ_1.jpg,2,0.26963376998901367,-126676222255777.81,-16324649890356.33
Q-jzMfPsHipfzsDmL8RuzQ_1.jpg,1,0.20920932292938232,-126676222255777.81,-16324649890356.33
Q-jzMfPsHipfzsDmL8RuzQ_1.jpg,2,0.13581280410289764,40.70121490599521,-73.95768108017717
Q-jzMfPsHipfzsDmL8RuzQ_1.jpg,1,0.09520614147186279,-126676222255777.81,-16324649890356.33
Q-jzMfPsHipfzsDmL8RuzQ_1.jpg,2,0.06519435346126556,-126676222255777.81,-16324649890356.33
wNYGicUUS2zZCpYzzus0GQ_1.jpg,1,0.9677063822746277,40.72887004195246,-73.9573166042967
wNYGicUUS2zZCpYzzus0GQ_1.jpg,1,0.9384464025497437,40.7289189294955,-73.95732432619889
wNYGicUUS2zZCpYzzus0GQ_1.jpg,3,0.8812321424484253,40.72890230143099,-73.957321481576
wNYGicUUS2zZCpYzzus0GQ_1.jpg,1,0.7960329651832581,40.728902233007375,-73.95732172330838
wNYGicUUS2zZCpYzzus0GQ_1.jpg,2,0.7688949704170227,40.72889402912349,-73.9573203080891
wNYGicUUS2zZCpYzzus0GQ_1.jpg,3,0.6869938373565674,40.728870035115506,-73.95731635376094
wNYGicUUS2zZCpYzzus0GQ_1.jpg,1,0.10956884920597076,40.728851898568784,-73.95731364021765
wNYGicUUS2zZCpYzzus0GQ_1.jpg,3,0.10021261870861053,40.72892268031623,-73.95732467404895
wNYGicUUS2zZCpYzzus0GQ_1.jpg,2,0.07365425676107407,40.72891894143229,-73.95732430003439
zTQnQDvBDZODQuVhlvpHbA_1.jpg,1,0.9428373575210571,40.71791007775362,-74.00469263871577
zTQnQDvBDZODQuVhlvpHbA_1.jpg,1,0.7645750045776367,40.71789130029336,-74.00465176177293
zTQnQDvBDZODQuVhlvpHbA_1.jpg,3,0.7599087953567505,40.717892283013065,-74.00465357514196
zTQnQDvBDZODQuVhlvpHbA_1.jpg,3,0.2294631153345108,40.71789960667299,-74.00466942522495
zTQnQDvBDZODQuVhlvpHbA_1.jpg,1,0.21318690478801727,40.7178995010804,-74.00466953285824
zTQnQDvBDZODQuVhlvpHbA_1.jpg,2,0.19212257862091064,40.7178926518804,-74.00465455407081
zTQnQDvBDZODQuVhlvpHbA_1.jpg,2,0.15871378779411316,40.7179132864357,-74.00469924356284
zTQnQDvBDZODQuVhlvpHbA_1.jpg,2,0.11432386934757233,40.717916044258885,-74.0047053353806
zTQnQDvBDZODQuVhlvpHbA_1.jpg,2,0.05487474799156189,40.71791116258335,-74.00469472250734
zTQnQDvBDZODQuVhlvpHbA_1.jpg,4,0.053541045635938644,40.71790773379051,-74.00468711611033
hCyiLgWe7iozuVXeWmWkFw_0.jpg,3,0.981765866279602,40.5963360278936,-73.94556169019745
hCyiLgWe7iozuVXeWmWkFw_0.jpg,3,0.9730440378189087,40.5962587197315,-73.94550997460408
hCyiLgWe7iozuVXeWmWkFw_0.jpg,1,0.8277243375778198,102287956699195.6,99753601778578.81
hCyiLgWe7iozuVXeWmWkFw_0.jpg,1,0.6298772096633911,40.59622469874944,-73.94546839861569
hCyiLgWe7iozuVXeWmWkFw_0.jpg,1,0.1673547476530075,40.5962029912236,-73.94542396710413
hCyiLgWe7iozuVXeWmWkFw_0.jpg,3,0.05801146849989891,40.59631446299428,-73.94581727094364
hCyiLgWe7iozuVXeWmWkFw_0.jpg,2,0.055345941334962845,102287956699195.6,99753601778578.81
1VasDr0SGipapiH85V4TJg_1.jpg,3,0.9841356873512268,40.71784444315077,-74.00455195120506
1VasDr0SGipapiH85V4TJg_1.jpg,3,0.9588003754615784,40.71783661511258,-74.0045349785495
1VasDr0SGipapiH85V4TJg_1.jpg,1,0.9571953415870667,40.717835304947705,-74.00453292888459
1VasDr0SGipapiH85V4TJg_1.jpg,1,0.9510291814804077,40.71787559603135,-74.00462019361483
1VasDr0SGipapiH85V4TJg_1.jpg,3,0.9396536946296692,40.71785230962981,-74.00456897851628
1VasDr0SGipapiH85V4TJg_1.jpg,1,0.934314489364624,40.71784417204083,-74.00455211134482
1VasDr0SGipapiH85V4TJg_1.jpg,1,0.9228173494338989,40.71785518390071,-74.004575976286
1VasDr0SGipapiH85V4TJg_1.jpg,2,0.8179681897163391,40.7178393420519,-74.00454121905335
1VasDr0SGipapiH85V4TJg_1.jpg,3,0.8051599264144897,40.71787784615139,-74.00462431840556
1VasDr0SGipapiH85V4TJg_1.jpg,3,0.6871762871742249,40.71785630402742,-74.00457767840255
1VasDr0SGipapiH85V4TJg_1.jpg,2,0.6308101415634155,40.71784739221503,-74.00455868252216
1VasDr0SGipapiH85V4TJg_1.jpg,1,0.4758390784263611,40.71782781305525,-74.00451658533805
1VasDr0SGipapiH85V4TJg_1.jpg,2,0.30565145611763,40.717877772424465,-74.00462459485995
1VasDr0SGipapiH85V4TJg_1.jpg,2,0.1273515820503235,40.717844748403756,-74.00455298999059
1VasDr0SGipapiH85V4TJg_1.jpg,2,0.09910239279270172,40.71783019367319,-74.00452153067621
1VasDr0SGipapiH85V4TJg_1.jpg,3,0.09815601259469986,40.71787183113774,-74.00461130446843
1VasDr0SGipapiH85V4TJg_1.jpg,1,0.09165920317173004,40.71785443522042,-74.0045738601757
1VasDr0SGipapiH85V4TJg_1.jpg,4,0.0771477222442627,40.71785489247775,-74.00457481779767
1VasDr0SGipapiH85V4TJg_1.jpg,2,0.06801562756299973,40.71785663057202,-74.0045788273216
9K0XGoFxGTveMDIsOpncNQ_1.jpg,1,0.9661232829093933,40.62401546728016,-73.95095348160962
9K0XGoFxGTveMDIsOpncNQ_1.jpg,2,0.6165180206298828,40.62401519296971,-73.95094350558688
9K0XGoFxGTveMDIsOpncNQ_1.jpg,3,0.16232241690158844,40.62401934497848,-73.9509169259525
9K0XGoFxGTveMDIsOpncNQ_1.jpg,3,0.14587366580963135,40.624016661357714,-73.95096768763726
EMEv52RKk7jsOJscC_SrHA_0.jpg,1,0.9849439263343811,40.776274554149865,-73.96384740171206
EMEv52RKk7jsOJscC_SrHA_0.jpg,3,0.927467942237854,40.77628384573182,-73.96387001262711
EMEv52RKk7jsOJscC_SrHA_0.jpg,2,0.7680025100708008,40.77627101589877,-73.96383897401263
EMEv52RKk7jsOJscC_SrHA_0.jpg,3,0.19060617685317993,40.776263133080164,-73.96382008598759
EMEv52RKk7jsOJscC_SrHA_0.jpg,3,0.11876597255468369,40.776293802584284,-73.96389407592248
EMEv52RKk7jsOJscC_SrHA_0.jpg,3,0.10593687742948532,40.77625863905881,-73.96380924663869
EMEv52RKk7jsOJscC_SrHA_0.jpg,1,0.10296007990837097,40.776303914838024,-73.96391818324838
EMEv52RKk7jsOJscC_SrHA_0.jpg,2,0.09900164604187012,40.77627678759204,-73.96385307263651
EMEv52RKk7jsOJscC_SrHA_0.jpg,2,0.09375558793544769,40.776266243280354,-73.96382746947998
EMEv52RKk7jsOJscC_SrHA_0.jpg,3,0.062269750982522964,40.77627968846094,-73.96386009093933
EMEv52RKk7jsOJscC_SrHA_0.jpg,2,0.050473038107156754,40.77627337424229,-73.96384460490599
EN8KLPc9LOdxvsalBxNq5Q_1.jpg,1,0.9504836201667786,40.719044892202206,-74.00715776172888
EN8KLPc9LOdxvsalBxNq5Q_1.jpg,1,0.9319973587989807,40.71906700910947,-74.0072094663301
EN8KLPc9LOdxvsalBxNq5Q_1.jpg,3,0.8717560172080994,40.71906703191725,-74.00720945794141
EN8KLPc9LOdxvsalBxNq5Q_1.jpg,2,0.8487997651100159,40.719069920254306,-74.00721623982763
EN8KLPc9LOdxvsalBxNq5Q_1.jpg,1,0.7043851017951965,40.71905765800688,-74.00718760342458
EN8KLPc9LOdxvsalBxNq5Q_1.jpg,1,0.12313353270292282,40.71908029310226,-74.00723951965969
EN8KLPc9LOdxvsalBxNq5Q_1.jpg,2,0.06392798572778702,40.7190845755619,-74.0072918506122
EN8KLPc9LOdxvsalBxNq5Q_1.jpg,2,0.052034683525562286,40.71906876499174,-74.00721355184783
jgzopWYCKzNLWAJdmbylrg_1.jpg,1,0.9750843644142151,40.73434773161672,-73.95834994017582
jgzopWYCKzNLWAJdmbylrg_1.jpg,3,0.9704951643943787,40.73434726838927,-73.95834997739809
jgzopWYCKzNLWAJdmbylrg_1.jpg,1,0.7246577739715576,40.734341730453345,-73.95834854544655
jgzopWYCKzNLWAJdmbylrg_1.jpg,1,0.19395649433135986,40.73434463483113,-73.95834925558817
jgzopWYCKzNLWAJdmbylrg_1.jpg,1,0.11018221825361252,40.734357365213135,-73.95835215347307
jgzopWYCKzNLWAJdmbylrg_1.jpg,2,0.0727025642991066,40.73434856013831,-73.958350231408
jgzopWYCKzNLWAJdmbylrg_1.jpg,1,0.07040978223085403,40.73434857879333,-73.95835013799801
jgzopWYCKzNLWAJdmbylrg_1.jpg,4,0.06778886169195175,40.734342199579814,-73.95834874568415
jgzopWYCKzNLWAJdmbylrg_1.jpg,1,0.05928931385278702,40.73435410000603,-73.95835138726908
jgzopWYCKzNLWAJdmbylrg_1.jpg,2,0.05447765812277794,40.73434272711998,-73.95834881086935
mj9kXIcauFiUqOeoZ6GOCQ_1.jpg,1,0.9418491721153259,40.72817976369114,-73.95741691989925
mj9kXIcauFiUqOeoZ6GOCQ_1.jpg,1,0.4699457585811615,40.728098736696836,-73.95740428135392
mj9kXIcauFiUqOeoZ6GOCQ_1.jpg,3,0.41778212785720825,40.728178852913906,-73.95741766639424
mj9kXIcauFiUqOeoZ6GOCQ_1.jpg,2,0.3717223107814789,40.72818205111094,-73.957417695209
mj9kXIcauFiUqOeoZ6GOCQ_1.jpg,4,0.1161634549498558,40.72816541395109,-73.95741527498876
mj9kXIcauFiUqOeoZ6GOCQ_1.jpg,4,0.10945958644151688,40.72814524383638,-73.95741235248593
mj9kXIcauFiUqOeoZ6GOCQ_1.jpg,3,0.09278495609760284,40.72816543083086,-73.95741554941206
mj9kXIcauFiUqOeoZ6GOCQ_1.jpg,2,0.05838442221283913,40.728187660460854,-73.95741818699447
wudo-P096hltr30Ge3Mq-w_1.jpg,1,0.35917508602142334,40.7813160689942,-73.96023314413186
3Gjjm-amf2-K-3y_VE_wYQ_1.jpg,1,0.9846854209899902,40.69592149489248,-73.95628471907096
3Gjjm-amf2-K-3y_VE_wYQ_1.jpg,1,0.9381967186927795,-102538558435423.2,-99454753665562.78
3Gjjm-amf2-K-3y_VE_wYQ_1.jpg,1,0.8093330264091492,-102538558435423.2,-99454753665562.78
3Gjjm-amf2-K-3y_VE_wYQ_1.jpg,3,0.7909988760948181,40.6959218392769,-73.95628411686737
3Gjjm-amf2-K-3y_VE_wYQ_1.jpg,2,0.3550821542739868,40.69571960362453,-73.95595782612112
3Gjjm-amf2-K-3y_VE_wYQ_1.jpg,2,0.28362032771110535,40.69562274664902,-73.9559089868021
3Gjjm-amf2-K-3y_VE_wYQ_1.jpg,2,0.11967200040817261,40.695918749032536,-73.95628399497272
29pFlVD6t0qoF1rOxWMdVw_1.jpg,1,0.9769101142883301,40.79150728038939,-73.95225875103202
29pFlVD6t0qoF1rOxWMdVw_1.jpg,2,0.6446288228034973,40.79150352720225,-73.95224885324261
29pFlVD6t0qoF1rOxWMdVw_1.jpg,2,0.30334964394569397,40.791504439991535,-73.95225102101745
29pFlVD6t0qoF1rOxWMdVw_1.jpg,3,0.15598836541175842,40.791482754898695,-73.95219894820004
29pFlVD6t0qoF1rOxWMdVw_1.jpg,3,0.07904540747404099,40.79150739283714,-73.95225719444718
C5ziKExzv7Za3iP9v0iZNw_1.jpg,1,0.9775097966194153,40.71793860303149,-74.00474667879007
C5ziKExzv7Za3iP9v0iZNw_1.jpg,1,0.953601598739624,40.717960053254686,-74.00479384029855
C5ziKExzv7Za3iP9v0iZNw_1.jpg,3,0.9201814532279968,40.71793842685902,-74.00474563869591
C5ziKExzv7Za3iP9v0iZNw_1.jpg,3,0.9170209765434265,40.71796067974515,-74.00479469738154
C5ziKExzv7Za3iP9v0iZNw_1.jpg,2,0.8773052096366882,40.71796215944208,-74.00479825706871
C5ziKExzv7Za3iP9v0iZNw_1.jpg,2,0.6918420195579529,40.71794118696376,-74.00475204971188
C5ziKExzv7Za3iP9v0iZNw_1.jpg,2,0.6331327557563782,40.71797316290658,-74.00482248789815
C5ziKExzv7Za3iP9v0iZNw_1.jpg,1,0.47057199478149414,40.71792177286551,-74.00470969987035
C5ziKExzv7Za3iP9v0iZNw_1.jpg,1,0.22843705117702484,40.71797171401447,-74.00481952356687
C5ziKExzv7Za3iP9v0iZNw_1.jpg,3,0.1252644807100296,40.71792262932933,-74.0047110002292
Mh-ZrBNFoa0yGULv6PwVmg_0.jpg,3,0.9725099205970764,40.58880527310601,-73.9443256226747
Mh-ZrBNFoa0yGULv6PwVmg_0.jpg,1,0.28036612272262573,40.5887960312259,-73.94432388900911
Mh-ZrBNFoa0yGULv6PwVmg_0.jpg,1,0.1449371725320816,101004536233244.03,101985190305698.92
Mh-ZrBNFoa0yGULv6PwVmg_0.jpg,3,0.08029769361019135,40.58878868964517,-73.94432425251419
Mh-ZrBNFoa0yGULv6PwVmg_0.jpg,1,0.07307921350002289,40.58865702168081,-73.9442871197679
Mh-ZrBNFoa0yGULv6PwVmg_0.jpg,3,0.059566680341959,40.58888427401036,-73.94434447320039
OAHTgDOttZh0dD-RsrDsoQ_0.jpg,1,0.9568420052528381,40.75831581864818,-73.97628173582314
OAHTgDOttZh0dD-RsrDsoQ_0.jpg,3,0.38713353872299194,40.75831719048208,-73.9762981190423
OAHTgDOttZh0dD-RsrDsoQ_0.jpg,4,0.07286781072616577,40.75831963032089,-73.9763181857129
OAHTgDOttZh0dD-RsrDsoQ_0.jpg,3,0.07153294235467911,40.75831834409184,-73.97630939406604
OAHTgDOttZh0dD-RsrDsoQ_0.jpg,2,0.058731045573949814,40.75831390767252,-73.97626839398579
WTCfHLmPX7Q89IPLK8lyMA_0.jpg,1,0.9260677695274353,40.77422400703911,-73.9653789905835
WTCfHLmPX7Q89IPLK8lyMA_0.jpg,1,0.8430596590042114,40.77423128303879,-73.9653967839492
WTCfHLmPX7Q89IPLK8lyMA_0.jpg,1,0.3155519664287567,40.77421876770618,-73.96536610640473
WTCfHLmPX7Q89IPLK8lyMA_0.jpg,2,0.09792115539312363,40.77423517081184,-73.96540701962014
2msPoMYgEXeSMVaJqfL73g_0.jpg,1,0.9565021395683289,40.72948007562799,-73.95737991067287
2msPoMYgEXeSMVaJqfL73g_0.jpg,1,0.9356285333633423,40.72954088231267,-73.95738969124396
2msPoMYgEXeSMVaJqfL73g_0.jpg,3,0.9241688847541809,40.72954702850682,-73.95739157617575
2msPoMYgEXeSMVaJqfL73g_0.jpg,3,0.7100176215171814,40.729478709683065,-73.95738044003824
2msPoMYgEXeSMVaJqfL73g_0.jpg,2,0.6528443694114685,40.72947870661718,-73.95738009180096
2msPoMYgEXeSMVaJqfL73g_0.jpg,2,0.3791455626487732,40.72953444213719,-73.95738907660682
2msPoMYgEXeSMVaJqfL73g_0.jpg,3,0.09373345971107483,40.72944668075054,-73.95737531025065
27k4dQ74TvyFd5kyFclKnQ_0.jpg,1,0.971606969833374,40.68471463064929,-73.95435070440546
27k4dQ74TvyFd5kyFclKnQ_0.jpg,3,0.9701115489006042,40.68461816054879,-73.95439099446186
27k4dQ74TvyFd5kyFclKnQ_0.jpg,1,0.9430756568908691,40.68475363774061,-73.95435753360901
27k4dQ74TvyFd5kyFclKnQ_0.jpg,1,0.8547946214675903,40.68463541584007,-73.95440324079858
27k4dQ74TvyFd5kyFclKnQ_0.jpg,1,0.8180921673774719,40.68476843086161,-73.95435984338039
27k4dQ74TvyFd5kyFclKnQ_0.jpg,2,0.48300275206565857,40.684755383814675,-73.95435742763685
27k4dQ74TvyFd5kyFclKnQ_0.jpg,2,0.37104690074920654,40.68477422592983,-73.95436058693964
27k4dQ74TvyFd5kyFclKnQ_0.jpg,2,0.24449200928211212,40.684721243365324,-73.95435145789371
27k4dQ74TvyFd5kyFclKnQ_0.jpg,2,0.19221600890159607,40.68467064114022,-73.9543425258596
27k4dQ74TvyFd5kyFclKnQ_0.jpg,3,0.12808042764663696,40.684604981986986,-73.95438167222531
27k4dQ74TvyFd5kyFclKnQ_0.jpg,2,0.08020228892564774,40.684762704684104,-73.9543586059087
BbGr0pupYrkC85u2U7iQ0A_0.jpg,3,0.9844931364059448,40.61975004717007,-73.95066036014677
BbGr0pupYrkC85u2U7iQ0A_0.jpg,1,0.9775371551513672,-102433173623786.23,-99529995640239.33
BbGr0pupYrkC85u2U7iQ0A_0.jpg,3,0.9712517261505127,40.61956174237758,-73.95065849423601
BbGr0pupYrkC85u2U7iQ0A_0.jpg,2,0.3251950740814209,-102433173623786.23,-99529995640239.33
BbGr0pupYrkC85u2U7iQ0A_0.jpg,2,0.1331818699836731,-102433173623786.23,-99529995640239.33
47fVtmyVkHr2DzCan6mdgw_0.jpg,1,0.9899011254310608,0.0,0.0
47fVtmyVkHr2DzCan6mdgw_0.jpg,1,0.967026948928833,0.0,0.0
47fVtmyVkHr2DzCan6mdgw_0.jpg,1,0.961530327796936,0.0,0.0
47fVtmyVkHr2DzCan6mdgw_0.jpg,2,0.8623325228691101,0.0,0.0
47fVtmyVkHr2DzCan6mdgw_0.jpg,2,0.728063702583313,0.0,0.0
47fVtmyVkHr2DzCan6mdgw_0.jpg,2,0.23758043348789215,0.0,0.0
47fVtmyVkHr2DzCan6mdgw_0.jpg,2,0.19271600246429443,0.0,0.0
47fVtmyVkHr2DzCan6mdgw_0.jpg,1,0.12627199292182922,0.0,0.0
47fVtmyVkHr2DzCan6mdgw_0.jpg,2,0.11587914079427719,0.0,0.0
47fVtmyVkHr2DzCan6mdgw_0.jpg,3,0.06851697713136673,0.0,0.0
47fVtmyVkHr2DzCan6mdgw_0.jpg,3,0.056858766824007034,0.0,0.0
ciShL8ZgAfosM3QZUOo_TA_1.jpg,1,0.9512755870819092,40.719280311407616,-74.00957364340084
ciShL8ZgAfosM3QZUOo_TA_1.jpg,1,0.7783925533294678,40.71927731927242,-74.00954283821734
ciShL8ZgAfosM3QZUOo_TA_1.jpg,1,0.38071128726005554,40.719288801165,-74.0096517513527
ciShL8ZgAfosM3QZUOo_TA_1.jpg,2,0.33491000533103943,40.71928122288386,-74.00957878822781
ciShL8ZgAfosM3QZUOo_TA_1.jpg,1,0.31153297424316406,102062755507567.27,-100337974600074.14
ciShL8ZgAfosM3QZUOo_TA_1.jpg,3,0.260007381439209,40.71929042734318,-74.00965908168051
ciShL8ZgAfosM3QZUOo_TA_1.jpg,3,0.1506410837173462,40.71921946045694,-74.00945890823054
ciShL8ZgAfosM3QZUOo_TA_1.jpg,2,0.10440356284379959,40.71900645020843,-74.00931661207393
ciShL8ZgAfosM3QZUOo_TA_1.jpg,1,0.10073530673980713,102062755507567.27,-100337974600074.14
ciShL8ZgAfosM3QZUOo_TA_1.jpg,2,0.07644926756620407,40.7192817054524,-74.0095804174714
KclMPmyCAAMlvtCQ4ZjbkA_1.jpg,3,0.9657402634620667,40.590088525544125,-73.94499714857498
KclMPmyCAAMlvtCQ4ZjbkA_1.jpg,3,0.9311374425888062,40.590149660893786,-73.94500757893222
KclMPmyCAAMlvtCQ4ZjbkA_1.jpg,1,0.7393998503684998,40.590219561441195,-73.94501929845332
KclMPmyCAAMlvtCQ4ZjbkA_1.jpg,1,0.5883674621582031,40.59016973162868,-73.94501098035762
KclMPmyCAAMlvtCQ4ZjbkA_1.jpg,1,0.4321444034576416,40.59019402009678,-73.9450151149886
KclMPmyCAAMlvtCQ4ZjbkA_1.jpg,1,0.1622779369354248,40.59015171032455,-73.94500774097281
KclMPmyCAAMlvtCQ4ZjbkA_1.jpg,2,0.10300126671791077,40.59020024763707,-73.94501621923116
KclMPmyCAAMlvtCQ4ZjbkA_1.jpg,3,0.09273670613765717,40.59022181395746,-73.94501984763914
KclMPmyCAAMlvtCQ4ZjbkA_1.jpg,1,0.06962867081165314,40.59009345252162,-73.94499781439346
KclMPmyCAAMlvtCQ4ZjbkA_1.jpg,2,0.059360481798648834,40.59015369268798,-73.94500827938134
KclMPmyCAAMlvtCQ4ZjbkA_1.jpg,3,0.05810746178030968,40.590192024789815,-73.94495283640795
KclMPmyCAAMlvtCQ4ZjbkA_1.jpg,3,0.054748810827732086,40.59015682231609,-73.94493549690995
mv47ehPmdbLdYpCQjtubqg_1.jpg,1,0.9729877710342407,40.73495677965023,-73.95851988856752
mv47ehPmdbLdYpCQjtubqg_1.jpg,3,0.7333096265792847,40.734956785535026,-73.95852059723777
mv47ehPmdbLdYpCQjtubqg_1.jpg,1,0.3054877519607544,40.7349975259606,-73.95852281439757
mv47ehPmdbLdYpCQjtubqg_1.jpg,3,0.2704131603240967,40.734997789025094,-73.95852342771101
mv47ehPmdbLdYpCQjtubqg_1.jpg,2,0.18024195730686188,40.73495678268313,-73.95852025380057
mv47ehPmdbLdYpCQjtubqg_1.jpg,3,0.13967099785804749,40.734934655839645,-73.95851822279657
mv47ehPmdbLdYpCQjtubqg_1.jpg,1,0.08555570989847183,40.73493570025511,-73.95851773258148
mv47ehPmdbLdYpCQjtubqg_1.jpg,1,0.06402099132537842,101180012387472.39,101906311061491.83
oTqtLJlmM2P1-xmodiY_5g_1.jpg,1,0.9600929021835327,40.719132201689646,-74.00802038109724
oTqtLJlmM2P1-xmodiY_5g_1.jpg,1,0.8851123452186584,40.719132258230474,-74.00799256001503
oTqtLJlmM2P1-xmodiY_5g_1.jpg,1,0.8238997459411621,40.71912584098484,-74.00792449893417
oTqtLJlmM2P1-xmodiY_5g_1.jpg,1,0.7787784934043884,40.71913000214455,-74.0079686773303
oTqtLJlmM2P1-xmodiY_5g_1.jpg,3,0.6330438256263733,40.71913002807933,-74.00796867105565
oTqtLJlmM2P1-xmodiY_5g_1.jpg,2,0.37086811661720276,40.719125510267936,-74.00792090316845
oTqtLJlmM2P1-xmodiY_5g_1.jpg,1,0.3194125294685364,40.71913760249234,-74.00806514778718
oTqtLJlmM2P1-xmodiY_5g_1.jpg,2,0.3031626045703888,40.71912684548122,-74.00793503006652
oTqtLJlmM2P1-xmodiY_5g_1.jpg,1,0.2243713140487671,40.719126999329134,-74.00793675249128
oTqtLJlmM2P1-xmodiY_5g_1.jpg,1,0.1722142994403839,40.71912462906124,-74.00791166430793
oTqtLJlmM2P1-xmodiY_5g_1.jpg,2,0.11684905737638474,40.71913345786205,-74.00800514105266
oTqtLJlmM2P1-xmodiY_5g_1.jpg,3,0.05997952073812485,40.71913248614866,-74.00802233667133
UGu9BWws7qdU8kOkM8itXQ_1.jpg,1,0.9867855906486511,40.71803406957063,-74.00496052583479
UGu9BWws7qdU8kOkM8itXQ_1.jpg,1,0.9465695023536682,40.718054567491585,-74.00500658418821
UGu9BWws7qdU8kOkM8itXQ_1.jpg,1,0.9464407563209534,40.71802440612349,-74.00493932702581
UGu9BWws7qdU8kOkM8itXQ_1.jpg,3,0.9080641865730286,40.71803681680937,-74.00496461096708
UGu9BWws7qdU8kOkM8itXQ_1.jpg,3,0.8723075985908508,40.718024785534766,-74.00493807643404
UGu9BWws7qdU8kOkM8itXQ_1.jpg,2,0.8690907955169678,40.718036922703874,-74.00496576238172
UGu9BWws7qdU8kOkM8itXQ_1.jpg,2,0.7182192802429199,40.718027575705776,-74.00494522255327
UGu9BWws7qdU8kOkM8itXQ_1.jpg,1,0.4376591444015503,40.71804314174186,-74.00498116416685
UGu9BWws7qdU8kOkM8itXQ_1.jpg,2,0.345812052488327,40.71805834617393,-74.00501302894251
UGu9BWws7qdU8kOkM8itXQ_1.jpg,1,0.2241123914718628,40.71806513976126,-74.00502978825456
UGu9BWws7qdU8kOkM8itXQ_1.jpg,2,0.11732275784015656,40.71803490700474,-74.00496115766623
UGu9BWws7qdU8kOkM8itXQ_1.jpg,2,0.07802631705999374,40.71803931053289,-74.00497134296299
xsuHPxbnB3dzIEShCT5UtQ_1.jpg,1,0.6966726183891296,40.727316014127915,-73.95701617423691
xsuHPxbnB3dzIEShCT5UtQ_1.jpg,1,0.6475818157196045,40.727337957788905,-73.95705688009743
xsuHPxbnB3dzIEShCT5UtQ_1.jpg,1,0.09476449340581894,40.72721160788966,-73.95693256611142
xsuHPxbnB3dzIEShCT5UtQ_1.jpg,2,0.05816139280796051,40.7272605851203,-73.95698076054359
_0UWVi_fhk1Tucg5-Z2qkg_1.jpg,1,0.8826155066490173,40.72685892876999,-73.95714588769906
_0UWVi_fhk1Tucg5-Z2qkg_1.jpg,3,0.8567427396774292,40.726859822260465,-73.95714516600802
_0UWVi_fhk1Tucg5-Z2qkg_1.jpg,2,0.3100907802581787,40.726858887845104,-73.95714562512681
_0UWVi_fhk1Tucg5-Z2qkg_1.jpg,4,0.054473359137773514,40.72684176828783,-73.95714862082053
_0UWVi_fhk1Tucg5-Z2qkg_1.jpg,2,0.0515260249376297,40.72686473067954,-73.9571831124941
49rtA4afO_4qCaoAVYFMSg_1.jpg,1,0.8699070811271667,40.77877439281071,-73.96207817502034
49rtA4afO_4qCaoAVYFMSg_1.jpg,1,0.6689662337303162,40.778801132161014,-73.96214979933154
49rtA4afO_4qCaoAVYFMSg_1.jpg,1,0.6365452408790588,40.77878055372122,-73.96209452667051
49rtA4afO_4qCaoAVYFMSg_1.jpg,1,0.30964475870132446,40.77876722957705,-73.96205898970508
49rtA4afO_4qCaoAVYFMSg_1.jpg,2,0.289885014295578,40.77877470845893,-73.96207942034657
49rtA4afO_4qCaoAVYFMSg_1.jpg,3,0.26126301288604736,40.778792014257434,-73.9621261766943
49rtA4afO_4qCaoAVYFMSg_1.jpg,3,0.15849612653255463,40.778803803923786,-73.96215766162719
49rtA4afO_4qCaoAVYFMSg_1.jpg,4,0.08092134445905685,40.778791154035105,-73.96212367883831
49rtA4afO_4qCaoAVYFMSg_1.jpg,2,0.07099784165620804,40.77876819864165,-73.96206170497008
49rtA4afO_4qCaoAVYFMSg_1.jpg,1,0.07025931030511856,40.77877527561304,-73.96208057987326
49rtA4afO_4qCaoAVYFMSg_1.jpg,2,0.0681958869099617,40.778772992649,-73.96207452772826
49rtA4afO_4qCaoAVYFMSg_1.jpg,4,0.06522718071937561,40.778799949229835,-73.96214710281757
49rtA4afO_4qCaoAVYFMSg_1.jpg,2,0.06376734375953674,40.77877614937236,-73.96208295997637
49rtA4afO_4qCaoAVYFMSg_1.jpg,1,0.05674425885081291,40.77877571948566,-73.96208177075815
cP__OJDNODDL_-zVI70i9g_0.jpg,1,0.969302237033844,40.719510247751955,-74.00996883286145
cP__OJDNODDL_-zVI70i9g_0.jpg,1,0.8793032765388489,40.71951256371369,-74.00998976597796
cP__OJDNODDL_-zVI70i9g_0.jpg,3,0.751652181148529,40.719513076543905,-74.00998968066567
cP__OJDNODDL_-zVI70i9g_0.jpg,3,0.7410351634025574,40.7195176587335,-74.01003060570653
cP__OJDNODDL_-zVI70i9g_0.jpg,1,0.7394197583198547,40.719517051207774,-74.01003042741536
cP__OJDNODDL_-zVI70i9g_0.jpg,2,0.6123170256614685,40.71951171656541,-74.00998000131389
cP__OJDNODDL_-zVI70i9g_0.jpg,2,0.5491767525672913,40.71950967628551,-74.00996152220645
cP__OJDNODDL_-zVI70i9g_0.jpg,3,0.5418737530708313,40.71951104118639,-74.00997148117749
cP__OJDNODDL_-zVI70i9g_0.jpg,2,0.4510301649570465,40.71951591710569,-74.0100167436021
cP__OJDNODDL_-zVI70i9g_0.jpg,1,0.20323169231414795,40.71950678279258,-74.0099368134596
cP__OJDNODDL_-zVI70i9g_0.jpg,2,0.10809820890426636,40.7195119210298,-74.00998138087914
cP__OJDNODDL_-zVI70i9g_0.jpg,4,0.07985036820173264,40.71952229571843,-74.0100689920419
cP__OJDNODDL_-zVI70i9g_0.jpg,1,0.053135935217142105,40.7195219509709,-74.01006681715717
FcXZ1BZcLUhSVxV-7px0Zg_0.jpg,3,0.9871624112129211,40.5958980214509,-73.94561498580467
FcXZ1BZcLUhSVxV-7px0Zg_0.jpg,3,0.9841693639755249,40.59584591797178,-73.94560498882522
FcXZ1BZcLUhSVxV-7px0Zg_0.jpg,1,0.8293949365615845,40.59589577722449,-73.94561381911309
FcXZ1BZcLUhSVxV-7px0Zg_0.jpg,3,0.5679592490196228,40.59579597084147,-73.94561466002622
FcXZ1BZcLUhSVxV-7px0Zg_0.jpg,3,0.47007304430007935,40.59609250429744,-73.94558366701624
FcXZ1BZcLUhSVxV-7px0Zg_0.jpg,1,0.06785260140895844,40.59584832606405,-73.94560477711497
FcXZ1BZcLUhSVxV-7px0Zg_0.jpg,1,0.06615357846021652,40.595860295394914,-73.94560713501117
HynCh-sQ8FEvHoM_AE6rmw_0.jpg,3,0.9880865812301636,40.59623706373562,-73.94540203698698
HynCh-sQ8FEvHoM_AE6rmw_0.jpg,3,0.9670019149780273,102997263841289.2,98479463616251.05
HynCh-sQ8FEvHoM_AE6rmw_0.jpg,3,0.9643477201461792,40.59612779594615,-73.94555866959116
HynCh-sQ8FEvHoM_AE6rmw_0.jpg,1,0.3341246247291565,102997263841289.2,98479463616251.05
HynCh-sQ8FEvHoM_AE6rmw_0.jpg,3,0.23135852813720703,40.5963507831494,-73.94565829016969
HynCh-sQ8FEvHoM_AE6rmw_0.jpg,1,0.12839482724666595,102997263841289.2,98479463616251.05
n-27yxY5QE85tx40WgVFCA_0.jpg,3,0.9685821533203125,40.77941398811832,-73.96164712633802
n-27yxY5QE85tx40WgVFCA_0.jpg,1,0.9585570693016052,40.77941339775724,-73.96164576806466
n-27yxY5QE85tx40WgVFCA_0.jpg,2,0.2777586281299591,40.77941514950243,-73.9616499482914
n-27yxY5QE85tx40WgVFCA_0.jpg,3,0.11897404491901398,40.77939392833996,-73.96159886374848
n-27yxY5QE85tx40WgVFCA_0.jpg,2,0.07714813202619553,40.779413404022165,-73.96164575790746
n-27yxY5QE85tx40WgVFCA_0.jpg,2,0.05992155894637108,40.77939883079984,-73.96161071773224
pbJNhZbnDDLvWEeq0p1VTw_0.jpg,3,0.9713522791862488,40.58694114624111,-73.94398994385305
pbJNhZbnDDLvWEeq0p1VTw_0.jpg,3,0.9591710567474365,40.58703451770386,-73.94400694885388
pbJNhZbnDDLvWEeq0p1VTw_0.jpg,3,0.9421296119689941,40.58716046002211,-73.943715147198
pbJNhZbnDDLvWEeq0p1VTw_0.jpg,1,0.912884533405304,40.58702293471477,-73.9440056139682
pbJNhZbnDDLvWEeq0p1VTw_0.jpg,1,0.506668210029602,40.58693921052741,-73.94399026804606
pbJNhZbnDDLvWEeq0p1VTw_0.jpg,1,0.14524735510349274,101004536233244.03,101982544516933.3
pbJNhZbnDDLvWEeq0p1VTw_0.jpg,2,0.07175175100564957,40.58703847975978,-73.94400745376987
_vIxYqSIAWx9O68rl5UKTA_0.jpg,3,0.8007861375808716,40.59376961451744,-73.94528085699321
_vIxYqSIAWx9O68rl5UKTA_0.jpg,1,0.15971645712852478,102433173623867.52,99491026569590.55
_vIxYqSIAWx9O68rl5UKTA_0.jpg,1,0.091005340218544,102433173623867.52,99491026569590.55
_vIxYqSIAWx9O68rl5UKTA_0.jpg,3,0.08717259764671326,102433173623867.52,99491026569590.55
_vIxYqSIAWx9O68rl5UKTA_0.jpg,1,0.08415557444095612,102433173623867.52,99491026569590.55
_vIxYqSIAWx9O68rl5UKTA_0.jpg,1,0.07091913372278214,102433173623867.52,99491026569590.55
4ZNc2a42Nk2ACEdjmWvDbg_0.jpg,1,0.9561365842819214,0.0,0.0
4ZNc2a42Nk2ACEdjmWvDbg_0.jpg,1,0.9429476261138916,0.0,0.0
4ZNc2a42Nk2ACEdjmWvDbg_0.jpg,1,0.9360243678092957,0.0,0.0
4ZNc2a42Nk2ACEdjmWvDbg_0.jpg,3,0.7060283422470093,0.0,0.0
4ZNc2a42Nk2ACEdjmWvDbg_0.jpg,2,0.6939526200294495,0.0,0.0
4ZNc2a42Nk2ACEdjmWvDbg_0.jpg,2,0.57414311170578,0.0,0.0
4ZNc2a42Nk2ACEdjmWvDbg_0.jpg,3,0.22796089947223663,0.0,0.0
4ZNc2a42Nk2ACEdjmWvDbg_0.jpg,2,0.18680670857429504,0.0,0.0
4ZNc2a42Nk2ACEdjmWvDbg_0.jpg,1,0.16288965940475464,0.0,0.0
4ZNc2a42Nk2ACEdjmWvDbg_0.jpg,3,0.12155451625585556,0.0,0.0
4ZNc2a42Nk2ACEdjmWvDbg_0.jpg,1,0.08645190298557281,0.0,0.0
FeY5aFwb1GirtNHQ4qKUcw_1.jpg,1,0.942159116268158,40.72827669352173,-73.95743557875723
FeY5aFwb1GirtNHQ4qKUcw_1.jpg,1,0.9214372634887695,40.72835215110292,-73.95744735655258
FeY5aFwb1GirtNHQ4qKUcw_1.jpg,3,0.3099537789821625,40.728353351761285,-73.95744848840512
FeY5aFwb1GirtNHQ4qKUcw_1.jpg,2,0.10237303376197815,40.728280483768124,-73.95743657884951
FeY5aFwb1GirtNHQ4qKUcw_1.jpg,4,0.09000702202320099,40.72834005005593,-73.95744613365156
FeY5aFwb1GirtNHQ4qKUcw_1.jpg,1,0.06497795134782791,100009627523553.1,103888673953734.67
HYXq16Qgz6Oj-AyUeqZQTw_1.jpg,1,0.9269720911979675,40.64122214321153,-73.95448131884707
HYXq16Qgz6Oj-AyUeqZQTw_1.jpg,1,0.7021403908729553,40.641235336512615,-73.95448302527397
HYXq16Qgz6Oj-AyUeqZQTw_1.jpg,3,0.6106698513031006,40.641215783678035,-73.95448133376412
HYXq16Qgz6Oj-AyUeqZQTw_1.jpg,3,0.382945716381073,40.641292811690306,-73.95449097702227
HYXq16Qgz6Oj-AyUeqZQTw_1.jpg,2,0.3437840938568115,40.6412269166949,-73.95448234783122
HYXq16Qgz6Oj-AyUeqZQTw_1.jpg,1,0.07065390795469284,40.641271128584954,-73.95448813520969
KKBRrAnUzdfibBmvtK_UhQ_1.jpg,1,0.9486978054046631,40.68315199027759,-73.95372225014547
KKBRrAnUzdfibBmvtK_UhQ_1.jpg,1,0.9034005403518677,-106441956568144.42,-92026957010250.05
KKBRrAnUzdfibBmvtK_UhQ_1.jpg,2,0.8975017666816711,-106441956568144.42,-92026957010250.05
KKBRrAnUzdfibBmvtK_UhQ_1.jpg,1,0.28587502241134644,-106441956568144.42,-92026957010250.05
KKBRrAnUzdfibBmvtK_UhQ_1.jpg,3,0.2693570852279663,40.68326841322045,-73.9535898377058
KKBRrAnUzdfibBmvtK_UhQ_1.jpg,1,0.18794499337673187,40.683139023128255,-73.95371930712014
KKBRrAnUzdfibBmvtK_UhQ_1.jpg,3,0.10350607335567474,40.683179799751656,-73.95372813609872
KKBRrAnUzdfibBmvtK_UhQ_1.jpg,1,0.07626277208328247,40.683126448033285,-73.95371684055856
KKBRrAnUzdfibBmvtK_UhQ_1.jpg,3,0.07418800890445709,40.68315643431412,-73.95372287815502
