pano_id,lat,lon
V4oEPZcSRxSJBw_ydqcS3w,40.8595185,-73.92252465
vaZSqboYy3wbRCSKEJUxxA,40.85044733,-73.93666143
CIcIWq1Gcl4LpYgwr7WTWw,40.85136332,-73.9362037
3U1hi_fwpBcPK128wsKNHQ,40.85233515,-73.93571741
kae0s2049ixORyN0KJGauQ,40.70454591,-74.01006968
DIPIKA7UPfYe1a-hrFmD-A,40.70477525,-74.00974639
ip3bI3MlpCursXjVzApsPQ,40.70785784,-74.00683779
6wqTjYsE21StkTnaRNaQsw,40.70822713,-74.00653117
j489XtjDtoA4hsb5Go2omg,40.79621698,-73.94968683
T-nf9qkbxl0trzB7_lSEsQ,40.79600448,-73.94918569
elvL5tXvqJDe1vAW172FWA,40.79594127,-73.94904329
1Da_4djREJQcPIq6VmGn1g,40.79553642,-73.94808517
qmptc0Y0CGhQh_vCG2HIfw,40.84671052,-73.93191507
iYG13-grleF5bIJgkAeM3Q,40.84680263,-73.9318501
ztOWUXHySLXbKWICbZ3_8w,40.7490522,-73.99574856
CWgUSKLaMu-0mqmodRHw5w,40.74967168,-73.99529822
AG0F0fORdZJtNPi5st4N5w,40.76085809,-73.96106754
CZG-7L682iVBngf9ShAsHg,40.75991279,-73.95880955
UUUxlfhB4LADATqgFJRS7w,40.76790622,-73.94324542
DnaJaC37vS9QgIsGuRBe5A,40.76819089,-73.94299357
O6NGEEnKEpKhtX3nXzEnng,40.76820822,-73.94297951
kNpvK1QQGdFzLCQLek_86w,40.76827529,-73.94291873
chEMg8Fl3DZESgRcyTUmbg,40.7683535,-73.94283306
4oHpmnyPoGiEKC0eB7Xl4A,40.76841109,-73.94275732
qiKgrWyKX8zaUV3zjodixg,40.76852492,-73.94258901
oGx10ueKGGoIsczIYq1m-A,40.73572292,-74.00679907
oUX3TkWBnNUt-aSpt1sqnQ,40.7364317,-74.00662032
d2Ta4cKz99R9uaaQ5ZNGyg,40.70845538,-73.99885784
ouvtBHz9rfQaMlaue_Xd3Q,40.7086681,-73.99837262
ySZ4bxjUJYV_lQqiKzA15A,40.81485825,-73.93454533
mleYI4gKA5JIXEjEldnmEA,40.81486347,-73.93437663
doyToR4h8ovUfAxpgN8PyQ,40.81405547,-73.93483229
ZxUqHW74jdFreXDxaUTyUA,40.81423063,-73.93469166
PJc9wceZJ0bbR7IX5EamDw,40.76906441,-73.96110997
oKkbQo_DQhcpFIrlCZgH8g,40.76974919,-73.96060181
-70GX02LvgTsNxjSO9ygBw,40.8009675,-73.97100924
kg9UCp8rmkP9Beg6h_XKAg,40.80102754,-73.97115997
EIhHS8XMN96EZ6fiktZJ_Q,40.7730977,-73.96250594
V70wanm-lwJ6vyU1oc5Uow,40.77373365,-73.9620438
hNNb_V0Lm8UOke7iYhRKSw,40.74046982,-73.99828702
ARQossuC-xGbn2Zcp4R3xQ,40.74105637,-73.99786128
dwa5c5tADHvBIcnMwRrN6A,40.80002711,-73.92392363
693ymK3r2ySd91YrkTEzqw,40.8000325,-73.92407247
avp1QBoP0Jdv_PP5N7qnww,40.75864023,-73.95871908
lA2qIqk39iIVCXMDmzKBpg,40.75867506,-73.95869168
L-FdOBGYZ6aCeIClVS6CqA,40.79909271,-73.95064331
OxOhhOi4u5EpJeJYyDwW8A,40.7997176,-73.95013796
YGKHMyqyIZQCC9rB03CyEg,40.77261803,-73.98230416
N4Y8H8vpw0tobx_YLPDy9g,40.77279665,-73.98219354
MLtKux_lDdgY2v2tnAlpTg,40.77299071,-73.98207934
HwyK1IUDo6oipCJ8COX6DA,40.73128852,-73.9903901
qEqnCQTMuEZUoSYUm4y0PA,40.73199633,-73.99021191
MqhNBTUlTkWr5lydxPQRAQ,40.80294528,-73.93044987
skZNpMBkmGetWQzTRaRLZg,40.8032675,-73.93061033
KU39hb_N_dgBaHs3LwQxig,40.80351545,-73.93076143
APGw2j35rjKoE5lG0QLnlQ,40.80376705,-73.93093988
pz5aULsb0HlhZ1PXe2bHbA,40.80390305,-73.93103634
5Psd-r8NVPsVhCkWWWRt2A,40.80723725,-73.9332591
uotQDnO62MiBcIfpr0ZWQg,40.80785584,-73.93184564
QE2vWJWvBC2boBUW90VT4g,40.76386277,-73.94662141
ChM3nDBPtFVNlHKTL0JUiA,40.79591917,-73.9707327
85C3vCQtHnFZqh_6Jq0HUw,40.79655201,-73.97026646
NEVeT28-AEfsDv2yTs3wBA,40.8460975,-73.93016616
1wTdnmN24FU4EC_kucolXQ,40.84673248,-73.93038658
UsCzSEa3WiBoPEKwTkxUHQ,40.79108028,-73.95533157
icyjyEHPOJOXgGU2BJ5TWw,40.79066665,-73.95471311
J0gazoHNy5QwUzTphXHlBg,40.7906309,-73.9546533
jTmiMLgTYeijZeU4e0FMDg,40.76396079,-73.94665967
6rczcifx6ITV0WXMlw9M3Q,40.76415682,-73.94671858
LpWkHr30u86ec-PnUBbB1A,40.76411591,-73.9469639
uYmbhxrfnNUO4mie0Oak5g,40.76414487,-73.94702796
ASCfnTmGpn8s68uzrIy5kw,40.76449748,-73.94671452
2eqevdw3AvHobyWfLs9IQA,40.81094719,-73.96305845
CVChFlMvy-SmR4__HY-wOA,40.81225156,-73.96210562
jDnml-ezQvFnxVZiszq-xA,40.70750764,-74.01125468
M7390_q99QYQHVp2a-u5fA,40.70711637,-74.01067629
xeqcHduvoBP3jvIiww2Kpw,40.70083194,-74.00423765
ZqWrZlXcyLJtZgVKN_pSgQ,40.70097914,-74.00425161
UC-cv_nlOW09elBI-X11Rg,40.70112579,-74.0042732
PbWTaARRJ0bIyUmjyh47mA,40.70127168,-74.00430239
YENJ8_ByDAiVFi7MZyne6A,40.70148859,-74.00436034
cm8rnoHmGXL4TvG3RiLu3w,40.79670442,-73.94884559
Oh3Hq51GQXVQkHRVh19t7A,40.79671504,-73.94884032
IokBoDsrY4GvBLl49ZLTTg,40.79691546,-73.94883796
#NAME?,40.79699596,-73.94889216
HYwmqrwOOXtZnfzl5iFYPg,40.79707402,-73.94899929
9c9jIXubnYh3KKpWxmektQ,40.71740897,-73.98787936
hDcjfahSNU4_tZUOdNMvnA,40.71807219,-73.98751208
uDRrKNCb_AAfUj2mUyOhrg,40.77259889,-73.98890632
LbwzaUOyxX5icTzy6Wix_g,40.85139223,-73.94120577
_DSq5ZWUax5xVqqYXDxxDA,40.85145027,-73.94129959
pM6p8nTY_ozI-9pptwkfQw,40.77891601,-73.94306535
GGKagXBrT97dysvHdkngnw,40.7790169,-73.94300048
OymZSunCoRDfB2z46wGKog,40.71919897,-73.97632401
xcBeVeqIUQJxhSlKWWoFZQ,40.71914982,-73.97607563
FrMvYgDHbn9rGNVP4q7Nng,40.75274138,-73.97510266
xhcwShV7BM0Dz7t_dkbUdA,40.75336712,-73.97464798
xG9vffOYLpY0kd-nw_IwcQ,40.74416775,-73.97118674
_8O3uaKvHXrDi3v479ylFg,40.817923,-73.94973165
F5773UulENh37pNEhiVwyg,40.818074,-73.94963115
SnsF_r592Ly85jOjOzM4Sg,40.81821785,-73.94950936
Yyl3hBYm6rSDCAYR2UpisA,40.81835201,-73.94936773
j9yuwH2Dxz-_sPeF3RiMCQ,40.8184742,-73.94920844
2ZtYORG_RDKiAhS4UlWb5A,40.81858254,-73.94903422
geQTgC4wWJ3ecZKtmYIMhQ,40.81867562,-73.94884823
qwpERFYlycDAOcVWlSc3WA,40.8187512,-73.94870469
QE6bNs3Ei8LkgVLudbNpDg,40.81883993,-73.94857237
CTGADaKRA5eCrA3GMYJ_Sw,40.81894019,-73.9484543
HnHKq42BdF8XtbB3ioF1zw,40.81904992,-73.94835292
QFhiibtPR35LNwa9piU-cQ,40.81916669,-73.94826996
PBfcd4LflCJS7hjPhFjZ5Q,40.82005207,-73.94761954
snm3PeOv18Kg1-YbIRNjmQ,40.82013039,-73.9475805
p39hyde5NruWw6_N3cbcow,40.8202139,-73.94755756
tbNCSPdp4ezwnO7nAZZqMA,40.82029964,-73.9475522
QlMDL9F6tRovJZRTrOZQ6w,40.82038443,-73.94756463
#NAME?,40.8204652,-73.94759374
3B0O8RlDPvB2iePPLdY6nw,40.82119294,-73.94789907
w5KAL46pda-Zpe8tKAmVVw,40.82148762,-73.9485403
AsPfx39h6tHfX6oepXTUqQ,40.79785352,-73.92232598
3RhAANXoTikh1Y_XgT3O9Q,40.79809314,-73.92257342
Sex1wBM_0taroJ5_fGDe7w,40.74641659,-73.98183365
rEVUnnt69k7BOftC8xPE7Q,40.74707866,-73.98134069
muoHKYWWo7mTVt9FNzkIbA,40.75172987,-73.95899297
8RhVt_n9zB4r1W9naH0R_A,40.75202184,-73.95845403
yBahg7tBiA0yk3xNRji1KA,40.75214271,-73.95819773
4C2NPwCflwbcLG3Q80oYUw,40.75233407,-73.95796353
1daCl1nMRk_Fsz17f-8BQQ,40.75282787,-73.95737726
RC4MU4I3yJ7IWf1cj8ukZQ,40.73596174,-74.00512616
d2irKCxJ7LPEsf1afglvvA,40.73661143,-74.00531381
kK0bB82GJVnIunYR6-GBJg,40.73044666,-74.00430267
BIBOassDn1ctLIrjPV_8wA,40.73032114,-74.004688
jppeU6qrmgE1SxUi30_CZg,40.85368501,-73.93053868
w6yCd3pD1cOVkHvCH0GVZw,40.85420177,-73.93177414
y1_MzEk2y7bGmp8puu5gkA,40.83784344,-73.94224146
UWsSZDSolUO2lTdl78-Tog,40.83816719,-73.94300912
8m2JTtHPuo7HTGZRJwpRLw,40.83826868,-73.94324856
fS2fC2EvqokGVaY1h7fRXQ,40.83846972,-73.94373632
yzvrjk3CLP7TD2rxbTh5Sg,40.80117154,-73.96145755
T9gkZqozixsOMJvSEVFWBA,40.80180036,-73.96107794
Ny_zOKZYAXNivq4oXhmrxQ,40.76969851,-73.94471669
D2ia1SW_ctDSvFmJjCMLGQ,40.85143234,-73.92707982
LGZ6y6lKvYXpKa57nkLr7A,40.85186332,-73.92815116
suGD7jUY9Xwgh58DKzHGhw,40.79879448,-73.95192505
dNDlGe0KZyY7AlRq9vvpWw,40.79943186,-73.95146422
Au9fvNAvFMaXcIx83zd0Kg,40.80277191,-73.94350234
uNXxxlW0im7HHS21LHaGjw,40.71821308,-73.98743406
RjZ5DQAoICMFWZJ8OgokOA,40.71794158,-73.987107
vBOiBm2DfdAY8ovz0rH9Ig,40.80050973,-73.93814458
cmwAfUsc9R1VWcJCVJoa-A,40.80114092,-73.937686
Pl1zN6byh1XvIPEAZ8R4xQ,40.71978515,-73.99852327
ckZ7fdch-kwP5w4Iv8Nv4A,40.71958127,-73.99805387
18XVET3q0tJqLZMS9fgE6g,40.8335006,-73.95032898
xke_HiZ-48lh7V5haM7VzA,40.83369086,-73.95022308
4tNHLKeifOzJ_daHMTrrHg,40.83379313,-73.95015566
9IhWGD35Pr5K5mq1TKyKGg,40.83386586,-73.95008922
dXZn-vnzCPYQosBjHDF1Dg,40.83391402,-73.95001472
viaSLIRD1ehUfd1P1c3mzg,40.8001718,-73.92408559
w054cUTLRUGtwXLtvybD5w,40.80017986,-73.92415598
xe1JFAVfLrML-ApNldlQGA,40.80018882,-73.9242621
hhBjpjSJhE__E-eLCbg9yg,40.80019401,-73.92436866
gX1-dfYSwgpYrEK9pYfJdg,40.80019506,-73.924511
RlOVXLOga5tG76UQANZx1w,40.80019143,-73.92461767
84epZub63xf-42PgiDNvaQ,40.80018691,-73.92468861
Cv_kD9IfpT_4_ccE05B2-A,40.800177,-73.92479458
MerHM2P2Tfy-lHRlzjIi-g,40.80016334,-73.92489983
l2BscwrIX2unddfceeKk6Q,40.80013936,-73.92503864
vu0ltVKiONqzf3jkJyqdcA,40.8001171,-73.92514132
2q0fer-0zep11lSvdDJSaQ,40.71424792,-73.99434787
LWEyquJZ4Bl3jLF5rt3B2g,40.71373614,-73.99407341
rfhdwMQ3D4Gxk4mqFHYRdg,40.76963926,-73.99189234
uL2Ksjw_BqEE8hCc7hyeqw,40.77061003,-73.99422913
6giC07C5MYg-McbsT2aUSw,40.86563264,-73.92847743
y4VfndUlnPKrKUViXuQMbA,40.86565364,-73.92828824
vSabD9dBaWwjMkcblteKkw,40.86564148,-73.92812637
v6E5_r9BF4Msl3YcjRrw7w,40.86558801,-73.92744087
QGK4sCzIVNEGeM5-LVwPgw,40.86553456,-73.92726915
BA9FAtuFKvl3dovUOcOpBw,40.7903144,-73.94963463
vZhK25CtDbdG9yHOiM0OjA,40.78968479,-73.94814678
BKnOiMYVgVHGF9NkwAIvHA,40.86125895,-73.92566899
7mFXloGdF_qzbFnVIjykDg,40.86323773,-73.92692243
iv06Wi4foDLT2CJXfA-brg,40.79192364,-73.92502314
ZWhDMC5dtQAtaIr5gt9rfg,40.7917462,-73.92518316
wRPtfpczLcUpA9d2y_T-0Q,40.80922904,-73.93478368
A9ekqsZFNRv8ZvB14iqTNw,40.80958038,-73.93488507
cHynTTSecSs-Ao3MT_ITkA,40.80972069,-73.93490603
8HwEpICbEERZOiXkcb-PvA,40.80975587,-73.93490994
DLbeBezXZ9huPJtdGqVNRQ,40.80986158,-73.93491844
wssjpM2YZSswUeATYpi-Og,40.80993215,-73.93492143
KnXGSRxCsAAp9bsgj58P6A,40.81003806,-73.93492188
OOO3ecrYczclyHDJxYymDQ,40.81014392,-73.9349175
B99nBk72RMTJnACHafAR-g,40.8102496,-73.93490829
EWlvM_s894avaxvOesK2gQ,40.81031989,-73.93489948
CMSg263X5UrTxBsdGAeLrA,40.81042499,-73.93488226
i593r1yvzQAl3IVfPAWCZg,40.74821195,-73.97045173
WhecicKujfSWpYOB9mVQHA,40.74886871,-73.96998692
#NAME?,40.76403434,-73.99864485
mb2mCl5O65nKtbgvs1GIiA,40.76412526,-73.99885706
bUhG51hyrHwxCza5X49klQ,40.70812968,-73.9997338
etnNFp8z6821Hg7neUs1gQ,40.70811674,-73.99969449
VWncE9qMZ7Jgsi6ISJfdCQ,40.70810764,-73.99963531
igTbyjA7syMAayaARYI2gQ,40.70810332,-73.99956303
MOvqAk4mAHARPxufxU94Nw,40.70810329,-73.99951461
nEwcTTzHxUfV02TUsH_TYQ,40.76403346,-73.98246971
uCSO_5keRvThrfSKwWlPOg,40.76473426,-73.98221563
3DeDlBE75wMfPwrdoqYfIQ,40.71523904,-73.9773667
_-dL7t8W82JzvHp1Vy09Yg,40.71529039,-73.97734056
SCGvFtyLPv00edTXjm-d2w,40.80002352,-73.92989858
p7nlkK21Cq3Ms0Tc10tYBQ,40.80006613,-73.92989315
cS_GyzWnJ9r7icqFZqLWKQ,40.80097867,-73.9298267
W5ZjWQjb_m_V-3_E8vhyQQ,40.80103301,-73.92984435
bG0jjZJWUrzzRVY6WKefzg,40.82197589,-73.95357263
CtD0KeC1wxM4iQIe2l7rcA,40.82201753,-73.95367103
74AzJNEJ4Nuj-7apHfy-QA,40.82205869,-73.95376927
ayQq6xULNjRZOzc1y2Wl1w,40.7345326,-73.99226599
dEbR-EDy9kEKoW3ntkEX9g,40.73397769,-73.99094484
pLhndXRpqmcHyrMyL89LmA,40.7834173,-73.95694527
vpw1gO76k687kpes1EO2fQ,40.78404455,-73.95648701
n8sVeskBvJ0ntvPrUrc7sw,40.80226501,-73.97004742
VbsUSLd5vkwesiebkQasNw,40.80293788,-73.96955967
f_dG33J4KWIXVUloraQ31g,40.83722185,-73.94269536
3m90eXiw4I2OnsCmCDMG0g,40.73062287,-73.99064024
7GsmBjpoCa_GC-k9_XB4yg,40.73056496,-73.99050559
GwDPOITNK9_V7Ql6GchnVw,40.84715908,-73.9284513
v9DkZ2v07vhQ4-hJie6jIA,40.84719906,-73.92854119
wYjMaCTveWXEP7XWzSlu4w,40.78013417,-73.95709762
PbTuJQFJNeOM4neAbEKzgQ,40.7794968,-73.95558441
ym0QH6im0KDR9LSLonOK6Q,40.72157874,-74.00673596
4CWLId5JpKgm_MKcVhAyIw,40.72167731,-74.00655052
4h_HVRIM_FjEML_0YvivLA,40.7694691,-73.94993561
izv98Sd35GxOqroTkzaByA,40.77008525,-73.94945458
kghZvcq7no8Q9DzVqIdgkw,40.86064668,-73.92732968
ifDzLLhcN6E2ZuzRmsZlXg,40.86261397,-73.9285985
FgSFOh_CPVtNFazdfBNlJQ,40.73240086,-74.01023708
M0kX0SozEgAHPfRHhPIBuA,40.73316472,-74.01016258
jU9oa6VGvZlj6NBixdn9Dg,40.74818811,-74.00138673
Gm-hmNJm5qcLRDhFDwFzSQ,40.74827622,-74.00159396
YkUCUNL90PcnyMjQx8OJag,40.74831735,-74.00169069
re1kr1X5sSkqWwWE0SVj4w,40.74847136,-74.00205287
v7pCYC-XoC1_6STsRSV_og,40.70316385,-74.00763297
AUBGC9GfLqgVhqJc2ThiXA,40.70361251,-74.00690059
ZkKF5pJo347yQsx5UsownA,40.71421571,-73.99472479
TMDfOc9S4lrD_1Vv-lMH5g,40.71421945,-73.99465685
HtlcyFZzCvRDiWt4v4lA9A,40.87601434,-73.9084294
UAyTDpr23EjvrA-2SbxVjw,40.87667742,-73.90851808
MFoS3Ctn-6hoJ3KFUz-gXg,40.87675021,-73.90853854
ikkQq2O09Cu-4i4mYypUOw,40.87683403,-73.90857905
VwucdF3ut4807-o9xyOhZg,40.87693657,-73.90865849
90nFooRC5GAEjsCb7JYafw,40.87722072,-73.90904548
CzIA9HlLCe0K4nTFbcwy4Q,40.83849755,-73.93982668
CbToE7wWVSvcWn2ckiYoJQ,40.83876004,-73.93965948
pgo8hsx50ItduQE2146Mnw,40.70479812,-74.01675481
MiwUUcOzlQ44Q-Cx1zRH2g,40.70474228,-74.01675907
Lzxs1V2Ei3_0Vloi0mEqag,40.70463219,-74.01677034
FsMP0amoLiuVXbNsdwaVzg,40.7542439,-73.99835753
GCATMfEQE76oTTHanrPbdw,40.75458493,-73.99914292
paaWih7OeUa4RRXUgcErcw,40.72231546,-73.98625235
-mUhNgNV-ZUUO-9ZAjQT9A,40.72204662,-73.98548249
ffYpfcVjInVhrOAI8jdIKw,40.80796161,-73.96380137
SMLdWwp8Sx14ofr46aguAg,40.80927943,-73.96284779
uUETryLyxkjd92Ghwu_MWQ,40.7781801,-73.95654651
jcyNT0kcAm1vwkvUCG2weQ,40.77881413,-73.95608219
Am8e-e4al3TEQGNpSJbvMA,40.7409554,-73.98228835
3TYWjdeLlYSuHwb04vaQsw,40.74157423,-73.98184111
yNGcEZx5H_amu2wVKdkqog,40.74985497,-73.98793688
ktVb8oPMvJkbcbqbOgeQvg,40.75026063,-73.98889512
A_bUccREIEGNolH6C3i9pA,40.75099175,-73.9906222
_TJdaEomi-tbN73H1dDRoQ,40.75782335,-73.98716301
9WIb337YKckY_l80VPnARQ,40.7585335,-73.98884254
GeH8oNdTAXscUtMh6T_RKw,40.82590453,-73.94711685
o0Z9P0giO2qgB5pUiC8bcw,40.82652971,-73.94666104
prdVcXyF8WUwVkQg7mgCdA,40.73038856,-73.99008734
U-eMxEA7IFOezs-foGZzCw,40.76100333,-73.95733231
aal727bQKLqmvh1jOkpF1w,40.76084861,-73.95673867
mdUl5LNJgD089r2lOVGFLg,40.73791766,-73.97891575
D0Pz6YUd1diBdD6mIKDyjA,40.73755395,-73.97805226
PP4V3hV-boNk-BakC-_bow,40.78695898,-73.93122745
81x1RGkUQZNiG_MSjjxYDQ,40.76620096,-73.99733494
lnQasjxlbteTZAGblMlLCA,40.766831,-73.99687796
wQE6UaP5HCgTSL_B3kajuA,40.84796643,-73.93064983
oOr3985jA9dHEnfgIGNuvw,40.8480057,-73.93062733
nk3wRsd3wuOPeEkqa-bwcg,40.72486484,-73.99495178
Ww0H2TGJSOxxleYgCmvVcg,40.72495123,-73.99490827
uhX-PJCT8pdlz7AsgDkmIQ,40.72501746,-73.99487554
8vrTvm_RZJ42vnl2hAHABQ,40.82289688,-73.93804407
EuHtb5Z4Yaf3AvlNPzktDQ,40.82293296,-73.93812926
oNfrKVoqxdcazNyWB5-qZQ,40.82296493,-73.93820503
4WitvmdScq8QCzFVt-R9AQ,40.71956222,-73.99124328
XR656pEE7t7rTxBDNi0HDw,40.7203832,-73.99082445
L6cBieHWYzuqSkxf5qPQjQ,40.72076591,-73.9906292
zzVhmpeGzBhL_kd4pv01Lg,40.75237879,-73.97034145
4YZFTQcZCQgqgdgSPAt_pg,40.75138953,-73.96802446
il8k2rZDXnjCax9DCDD4qQ,40.71168311,-73.99328714
1m1c0QCD0Owy-k9Tu9q5fQ,40.71076638,-73.9927884
MjFTg_oswbPpJER3blOQtQ,40.72934409,-74.00365666
Mc0NhUHwrAJtBJGIyL8ckg,40.72985689,-74.00395542
GDUZaaXCT3JxTlkonAzgfQ,40.83607749,-73.93994981
rMx0QrpQC4paKdQttfbx-Q,40.83713789,-73.94249853
L-8rLRhHGdi1n8n8BiL8AQ,40.80136052,-73.95025369
8Nqf5YtL2siTIRvaJQ7JNw,40.80236163,-73.9525885
p4gfKXaAmSIbiL0AFf17yg,40.78646018,-73.94839518
GWhMRlhNtaWP2PNizErLDg,40.78654843,-73.94833228
2bRJBYzRUuUEQBhoqX_KVA,40.78660389,-73.94829274
hFqx5_y4dnQviILYSLndNw,40.78665489,-73.94825639
Rj9kAXUDMrhOhir_huMCqA,40.78712063,-73.94792441
Ms16UwDZcDly1zuWWUqtLQ,40.75253665,-74.00211259
3Dy5zIj_cRfJUXTrSeLbcw,40.75266537,-74.0024165
FX07pSkXFSE3gApqaeGk7Q,40.75275907,-74.00263775
Rch1V4xlN7PxrAkwqJOmOA,40.75326066,-74.00382216
GZV9ZpaVkkB0ofd5K6SG9g,40.75785966,-73.97559124
Dk74mKIc33NuDa-jOGb7lQ,40.75848715,-73.97513406
Qa8GiJSKqVNs5ntti30VFA,40.7724889,-73.94503161
yGPY_Z145eGHtJwD95y0Uw,40.77251747,-73.94499914
gXLYmEZC3PsUvviF-qHAag,40.77306738,-73.94446428
FaCZfrizDLWr4i5FsLXwYA,40.74727622,-73.98961705
sErXD4qOOtGJnTwd1twy3Q,40.74846973,-73.9924624
MXZcZaL141OfCrBcKpuChA,40.7164457,-73.98836626
Xov_Etxh5TaloeXQfX29gw,40.71726563,-73.98795182
Se163zrItzri8b-APwxCDg,40.71733557,-73.98791646
ldsrUGG59xz49NtcT1aKbg,40.78324254,-73.97454046
yiADqIwVIzEE5hX7sWpRnQ,40.78446444,-73.9773651
J5q5fXmrjdgdE34iRreK8w,40.81209995,-73.94591021
Yq0X-G8UP_EAba-mo0Nk9Q,40.81272369,-73.94547226
Irks1903OXFAUdLcQTgTvA,40.80115171,-73.92988213
oqtayMJM0yddsrMuPhcJHA,40.80119893,-73.92989535
Xoum9GLMxcexT2X-UML-6A,40.80127043,-73.92991768
uE5cz9WI1tuZBLkf_ZS_8Q,40.76218429,-74.00926279
CwoRwyFncF6z7KVCYpQN1Q,40.7625762,-74.00897536
zo85Zb4pK6L14A640l283Q,40.76282391,-74.00881069
FoQXKrGov2lD1XNdAfEhOA,40.84291533,-73.93658972
m1uuUYaZ7C67jwoG8Adhkg,40.84355064,-73.93612529
T8DSeqndws9kU-H0u0FmCQ,40.80705294,-73.93369434
Xh5UWdsppo_9a9-KJaEdLQ,40.80707514,-73.9336415
zNcBnlhkE3U6tWvlIJ5bJw,40.70375038,-74.00704713
q06LCiStgPbbaaeQy9EQ6Q,40.70367403,-74.00695782
7FyZps9ZhSqAAotNVs4ZVw,40.80940417,-73.95724528
DdyIb5254ImeH-Vmqvidvw,40.80966121,-73.95787315
kOE_TH5sJGb-OPsdi2Eukg,40.80980856,-73.9582331
W8VXbnEkop_qnFE4_nqc1g,40.81000962,-73.95872197
e-KlaYIGEeEE6eU6kTrgtw,40.78131598,-73.94613092
nd0kszCcoilgieDbl4EtTQ,40.71165798,-73.97849801
8L6RSyPCF6S7XgWqCrCm3g,40.71175513,-73.97835153
4aezfKXgYPPpxTsuAfozUQ,40.71186351,-73.9782167
wYLAuu_0HwcIq901C5UtXQ,40.71198183,-73.97809567
sLaE4WF7jSwUl7IWbXMXfA,40.71210848,-73.97799022
JCqTNPJfK_omI-IQdNky1w,40.71224166,-73.97790171
mGK2_vR9PMrUsyH_ZJ8JFg,40.71240152,-73.97780677
yzjeVX1B4WU8eWpmvrcE0Q,40.70667641,-74.01594492
UX91rspeiLnY_ro5Cjd_DQ,40.70693061,-74.01585376
r-S09wP_uKK_0lEdSRW8jQ,40.70707196,-74.0157965
TFJG6tqdXhaq_q_xKYsOXA,40.70962142,-73.99172985
SvV-MrKHwzMp9e4npLTlSQ,40.70969795,-73.99121019
AlbP-7YIp-HJy8wGig4ERA,40.70991259,-73.98975254
y2uQkkCVH95Ea8Yljg01uQ,40.70995374,-73.98938369
C4TeS_spgbLf_VL-SDs1sw,40.70996749,-73.98926799
nd2kBg5W1mbgZ7a7e-42WA,40.71019936,-73.987317
Skcb_3AVcV3LEEQJ0-ZmVg,40.71028397,-73.98660498
MefYUvFa3B7MN9s1UX7PKg,40.71043104,-73.98536551
mgGKB_Is0b5F3huaHCgSyQ,40.71051417,-73.98466491
OgEFUA7g6eFOxYm97qnGTA,40.78080041,-73.95463128
iflqClRr2240XowziSbrrQ,40.78012546,-73.95303368
1JmZ39-6bJoTFtsDPNAz4A,40.74911701,-73.97451593
W7NbMoQkisZNUV2QoEWU6g,40.74868218,-73.97348228
dGFP1BCI27BzbKXqmlaNuw,40.74853972,-73.97314594
w9Db7vWByn75kUdX92axYw,40.7024057,-74.01383441
gAbZNZlYYIKk8rlCGK-COQ,40.7027372,-74.01420581
HqKPoRNN-th2QQihcEgRBg,40.702799,-74.0142625
tdQlSKRA9tCjeKWSlft4tg,40.70288116,-74.01432305
yw5YaeDcQfrgGiRwJGMl0w,40.70296785,-74.01437148
XLwYwYOALqP5JwEDj-Zexg,40.70305803,-74.01440722
0ufdiEqHgxmTBY4p_xPbCg,40.80684349,-73.96713794
iOuqJCoMBUSIc-pllLovEg,40.80733539,-73.96697272
mWqU6rmuAFtv2ClhIkyzMA,40.80756107,-73.96689692
OCt4r1Y4P-L9WPpQdm-iaQ,40.78920222,-73.95854466
lgJiDB3IDo6adWJyu3NLuQ,40.78925382,-73.95851199
UG0Xi-E2s-UwotjKENzC1Q,40.78930113,-73.95846954
tzY6zgaSFjslmk3MIxOVfA,40.78934471,-73.95840915
lbypjj5egZ0uFreTlLVnkw,40.78936769,-73.95832017
7osAEBPJ66qXsicTq3OnEw,40.78937161,-73.95822381
mcF9IlzbCO7VP5Ywt-9OXg,40.78938072,-73.9580764
CXW1-RojEftrPlipejayTw,40.7893846,-73.95802736
YRP3lLUJOK8UqL3oiGmNcQ,40.78939363,-73.95792948
N6atXpYHks_OMaItCSkTxQ,40.78940433,-73.95783188
gvFZjLvIPtjxg4iMie-bNA,40.78941031,-73.95778321
7cOerO8bU1vC7_jSAcGlbw,40.78942353,-73.95768616
XYWPiNcM4KsQh_Hw3fWirw,40.78948823,-73.95756005
UZu2VjGPYvICAJGWmiD9bw,40.81865259,-73.96099795
nrH0-mhpnC0hVpjW7eTHcg,40.81873605,-73.96108328
TDSfAv3L5UosHalQPfHr5A,40.86713289,-73.92551477
3IiPQJKGuLGsL__yAXZ6dw,40.8677692,-73.92591873
xHz86N47q7srbJtYCxpz-A,40.70886122,-73.99865121
wxqxPDHt88TQkHB4RFgU1g,40.70938379,-73.99878405
YddGDxrX0y8gqXHajZHz6w,40.72729638,-74.0203561
KdbyRnDKK4BhOsAxaf35yw,40.72737837,-74.020332
8H8VobvPTuGYYhqvOsAKDw,40.79031446,-73.94768749
#NAME?,40.79093948,-73.94722941
5lMi6fsGVS4bEC-1zACYZg,40.81419274,-73.93386391
LLA_AwYNpkfsxMWhliv-4g,40.81415172,-73.93242308
dZEvxFQy2Bh3vHpHY6XCig,40.80569482,-73.93451106
_lP2Mtqvfd6volG18jvD5g,40.80435584,-73.95731723
OPMb8XiwfANu1p3mDbaELg,40.80459315,-73.95793867
QwUgQPgG4DokbdewT5aNrg,40.80471388,-73.95825483
_SNwrGnm1bZj4jHsHGQCoA,40.70693234,-74.00372235
KWagwuYtbTPusVKswLqdCg,40.70723974,-74.00392127
nkciF6DcBOUSrYshi_ARAg,40.86701558,-73.92310988
Db3jBP5s3pTukHlo9YDpJw,40.86781531,-73.92362922
zAoTkldd74cNmRW-eAesXw,40.84970418,-73.94195526
X8hcWxzLNKoqk3b0ECePZQ,40.84977367,-73.94232571
Cn_aEXun364DouRrxMBKVg,40.87433477,-73.90721773
LRzlqzjYvbuIAmqXXZqpfg,40.71891357,-73.99923467
394av3tWDwGo-5VsBR4XUA,40.71919298,-73.99984031
82bBlgbi0xGlWX2CMJvh_A,40.78994868,-73.94292747
8L2hkcZJnN318U4jq3oQ3g,40.78967976,-73.94229017
KNqWaNaBS9pWVh3GxgXNQA,40.78894946,-73.94055964
A5UGwCfkp1Lf9e-bcdAm_A,40.78022975,-73.96136873
61mmmQnamIYk7ZeFQR84lA,40.77954142,-73.95977377
#NAME?,40.73132355,-73.97385976
OHkkhsNhlj59Lzk-bY1Qgw,40.731388,-73.97389597
aWzMa0HfYI-Ig505U_a5zg,40.73146799,-73.973935
AK25RTP_IyROmaRxzHuZ0g,40.73156499,-73.97397294
09NzCPs_vuhxcdaP_Qn31g,40.73168799,-73.97401795
eS_0SIUJ3MQT9kmcsqmQKg,40.73223414,-73.97416298
f4R1BiNOetP3LLd2F81mVw,40.73253643,-73.97424325
wUMYrMZAQWq7SSpwpZ12ng,40.82765006,-73.9533445
D2T-hVMFN-kC32vytb3M0Q,40.82768661,-73.95338587
MElygIqJauEBB7rPmsrj4A,40.82801223,-73.95363303
nHlLtEMErtDv_AoxX-qqIg,40.83001151,-73.95276874
bimfL5d7zS2JYbm3kgKLUQ,40.71488989,-73.97949554
PlMnZ9913kFx-wHEWFDB6w,40.71540168,-73.97921589
Tk8GyH79GaJCeRwJUxisig,40.71140262,-74.00427373
Tc2uL_Qb8WLQa1cLAFPsPQ,40.71147824,-74.00439519
ssTtww5I4Rpmhj0leU18rw,40.71155358,-74.00451695
iwYo_nC233nf8K33aym3sg,40.71162863,-74.00463902
f_LQUk8DjDdUG-KlbF-QDw,40.71170339,-74.00476138
g1B_0gGJpgqmhvxNyOdmdA,40.71177787,-74.00488405
Re9ftPOOJLkVFloAYMPYNw,40.71185207,-74.00500702
7Hmr42dlELyaCtjzbXzJUA,40.71192597,-74.00513028
6iqtfV-aA3RzkmwQmikhvg,40.71199959,-74.00525384
eynM2mtLP4zKi56utEg2DQ,40.84575902,-73.92990106
#NAME?,40.84573296,-73.92979199
Rxd-JwKS7gIGl4TqY7j9cQ,40.84570398,-73.92967798
ng4xNWbkek1Ax6GfbHDdWQ,40.76405707,-73.96475545
WohMOso0YHc7oYPrOC66kQ,40.76468199,-73.9642979
hd48m5LsucCmUCzMFpdWTA,40.7352153,-73.99171499
rD7w1diovrBzjcAqUpMTTg,40.73588819,-73.99121076
ihMxof58vNC0PFpY8dactw,40.72618746,-73.98942914
Vk-jE9yv9bZzI2n7tdARQw,40.72677888,-73.98898482
A8AuxziTdlwqmKc5GQdsRQ,40.76008316,-73.96308074
kBJWR3qRLWk_acGyWndwmg,40.75961946,-73.96196574
9nXOudJYPEtBU_hUmSf4fQ,40.71241642,-74.00457118
beOxdntbF9E1g1mMgx9mzA,40.71239309,-74.00456864
3YZBqODWIZomT2QZ6yIuhw,40.71236364,-74.00456372
UnPEPQrcHjVZO0V3mgQfMw,40.7123344,-74.00455691
Gcn7_dOTUWuA3pURGzMOtw,40.71230545,-74.00454824
FByOv7d6mZU2N1AUbfHkNw,40.71227686,-74.00453771
SAnJgt84xKZOHsmJzaz4OQ,40.68979232,-74.01833521
hVAQl78BuX2C6cDp28Z5yg,40.69091036,-74.01962798
nC8n1fbl6Hh1dE5Y7HlC3A,40.82729545,-73.95293558
NRFUBZuT0HWA2D9tNjR4fg,40.82728286,-73.9535227
3fwRy2kiWWHsBBJR1f_Ubw,40.69636481,-74.02515365
tcoww1erZ6-RxzG4dmCTjw,40.79474099,-73.93241605
wQiij3u9n2vSjEmtV7067g,40.79440237,-73.93161778
KPhjTb4U4MXYrc5gebs6vA,40.75205903,-74.00098126
C8uvvwmjoaRM7DnhP9dOwg,40.80934031,-73.95921746
ntapbDJTDZTPuaMEP_W6Zw,40.81048905,-73.96195063
ICWOkLYhc53i0PQ2mechiA,40.72841246,-73.99425278
jXW1_RaZeB5R1tSTIJG5kg,40.72881077,-73.99506104
J0mbmvSGl01i5X_VpYsX2g,40.76685239,-73.95374896
FxPcTfE6efoXKj_KGKiplg,40.7660527,-73.95185896
cNqrKCs2E4b2WZbKkzPLvA,40.75165162,-73.96784147
rT1sqPgsWzG2ym__hCdVBQ,40.75171705,-73.96779702
lJP5UjnsuNHxRwgWgHfacA,40.85169579,-73.9319951
O8X_CqbFuuPWjsXUqvbkcg,40.85238001,-73.93149539
2Ck8UxwKc2SlZTLwF2xJ0w,40.73688766,-73.97854095
iXQrRsV4Vjs24M1LfYwdGg,40.7011554,-74.0050843
9c9QGe0FYxVWv9iITr80Mg,40.70109597,-74.0050645
epFDkb0X5-TnhaDxaEMH1A,40.70091375,-74.0050336
q_mqzCZnEHYAC4OgYOApEA,40.7007912,-74.00503708
5-WG7kbr33HsRcvL91v6Yw,40.70068992,-74.00505469
zlaue69vXtqDZaJ4yFNr6A,40.70059047,-74.00508549
m2ZQLNTxZ87M9Out6UgY_Q,40.70051732,-74.0051518
Be1qgnYHk7zuGkyxZVrH9g,40.70044513,-74.0052199
qgYim680OF9GmXG1NlBt9Q,40.7004094,-74.00525461
v7ugKdZmD0lMWlJHvElfDA,40.73448282,-74.00138879
Ir7mpQVAYDowA4FLZ2yFug,40.73433981,-74.00239107
FyUKskPj7elwphTOEmKwwg,40.74184599,-73.97240504
yEPbSS-RerFTDANo3bVPjw,40.74194261,-73.97251255
C8LsjwdJNMqI7gK2LY4DLQ,40.79998639,-73.94484777
QYumudgE2gvUJm765yRJDg,40.80027987,-73.94463361
Xmn4PkNZxPFSsw6X04XUtA,40.80052987,-73.94445118
uChmKSVqyOijWW0cF4LT_g,40.8006635,-73.94435366
drEbvM9nLoO4PndyGIWSfg,40.78791392,-73.95577736
67nYT_jMNQE77v7CapI4Qg,40.78825945,-73.95552227
q1oCplzKV0DnObjRqCVT7w,40.78858446,-73.95528233
Y3khJzvkfGjV6RYN1VS-SA,40.80153785,-73.93862673
iVlgzJAEMlfJg9j7cAV4Yw,40.80189616,-73.93837564
eMZg486KrXb6O_6Hgtks9g,40.73363251,-74.00278641
F7RxFIKDLcrZtJnr0YaF8Q,40.73425234,-74.00296962
quLGOpSWv6fREb7PjI6tow,40.8037445,-73.95586272
sS5pRPKgHuhM42207vT5Sg,40.80387701,-73.956178
SQCW4zHXHiWjHeYlUgWe4g,40.81334498,-73.94500097
Emc2rZPF3p6orAH7QxTjWw,40.81341896,-73.94517824
uwwN9LtP1RjLEDJiDsG9dw,40.85019086,-73.94487788
U_BDraorxocYot4DutIKlA,40.85023699,-73.94510499
SlbiCIL9_e6gMlwa5cAYXQ,40.78422633,-73.95888402
LVXkAkzvqcRICQECN7-GCg,40.78408344,-73.9585681
lyrDsf4_y8rri4U-VALLAA,40.75791142,-73.97765483
xCGjhG-0Yw06wViC7HGhHg,40.75843654,-73.97891173
cjgpQHpIl6OGwjpIThD-DQ,40.78962078,-73.9275979
ObMnNaXC8-dfSMXMUXgQUA,40.78961768,-73.92758828
Ga73iM48YK99JeTFXlfqEQ,40.78961106,-73.9274576
syIS0G8_vxtIPojK-vJ1Pw,40.78962964,-73.92739863
BjsXMeW26cCpbU3yBN5JIg,40.8270024,-73.94196781
jTHPSloAFXmhosm412DDIQ,40.82720283,-73.94244294
zE84ODIrih3mpQ7WFrLRvg,40.73695759,-74.00649818
rYShuI8Mj2nZZUJkCaPNEw,40.73696018,-74.00825321
iOLRBKz3EkV0dTPtNuR8TA,40.73506988,-74.00197135
ulQHuNqKfrfaRU28em9QNw,40.73553459,-74.00169304
y1s5bUm41i960XTWR3Fn0w,40.71753995,-73.97998938
tahgUmrevfQAwUK1YQvjHw,40.71732597,-73.97927818
kWk8PoeFquegNHGpc3TFeA,40.7593137,-74.00338847
q1epgEHJCJJ_NpMEi0x5vA,40.75924392,-74.00329925
BKJw3xAgJAqi1-Lh-kzFAg,40.79292145,-73.94578426
vuDaKqZzgN6suNUETE3ofA,40.79224514,-73.94418268
HDPcjFVLI0eZQHzuHntccw,40.84290159,-73.93841953
1kDK8f8AFTQM3O_8qATdIw,40.84322281,-73.93917782
_G5o_E9sI5aUkivDvGqp4Q,40.81764869,-73.96102016
6tuVWg-I3VVQDj-BhEbpxg,40.81781808,-73.96138876
sDh5CaMLYccXi6GXYGxslA,40.72271765,-74.00444777
YusVZh8WyPwUoQ8GsuJeAw,40.72344932,-74.00382929
IYnQy1qgNb8W8wzpvuEu4Q,40.78340607,-73.95498705
GMVonVyM0iUaQYcyHuxSNg,40.78366495,-73.95480078
CIeo7rp7q0DTV7c5PJbmDg,40.7840381,-73.95452669
1DWugyGniog56usaYIuKwQ,40.80392014,-73.9481851
o3j_UkkNR11EOOAuK5Ljsg,40.80417116,-73.94800132
9O_vhm6M-dwH-KLHBZFOBg,40.80438402,-73.94784548
gT1i1tWo0qFgdoGir8e4KQ,40.8045493,-73.94772448
JInE2uQAYn1Oj__By3mm3Q,40.72457033,-74.00934052
so2TcFkljgli8UN_7Zz3CQ,40.72470155,-74.0093176
lBL_eizAzB5_deqsnVUnig,40.75112224,-73.97126234
2S570DXtlw_M9XA5gPJthw,40.7517482,-73.97080361
MW0BpsrHCWxxztRM_93jNA,40.78202148,-73.97172306
D77N7avTHuheilm0EGJ_oA,40.78270626,-73.97122292
H9XQIO4PWhSHt0BV20tJcw,40.7904705,-73.95388917
qSlFFr3afZabAf8G_Duamg,40.79108514,-73.95343684
OKAtAlW4YhrZnfXa_VEx8A,40.86357366,-73.92601093
iY-KgOFOil0lA-Vmq9BFOg,40.86440363,-73.92376719
9zd3CCsG_W6WtiZxp401tA,40.85969447,-73.92497258
LG5Z5-Xgzjss2QxpfveuJw,40.85967783,-73.92503571
2BAhMVgoGORkHbi2NCB7Hg,40.85994383,-73.92509088
eB60_VwgDb3pEajtukG2TA,40.86007777,-73.92499119
#NAME?,40.86020814,-73.92488362
iLInZWMWga57Edj0XNHyMQ,40.79360571,-73.94950836
syq86XyD2riH-4cITSfYjw,40.79344294,-73.94912103
JTgev8ZQWLt8QgEnYOpHgw,40.79341115,-73.94904538
qjkSdVq8bnQCm76h-GhfrA,40.79327922,-73.94873143
5OhjH7RTTBHMMCPYfnx68w,40.7932454,-73.94865096
jiAdQXsCiS_NYlHu2aLg_w,40.79298029,-73.94802011
_Q0vVJamtWSzTuKaMXd6yQ,40.7169563,-73.98423346
tkGOr-7kanCymfzvc0cu5A,40.71710365,-73.98415518
myHfYCqfiW4frGgBJSrcfg,40.72660535,-73.99906569
dk7rnQqv135q_Di4Ryk_3g,40.7276807,-73.99816919
ni_E-p3Vxh-nVL3uFRDzsQ,40.77890537,-73.96023811
h6Iu6XHys1KwpYUIYnCOmQ,40.73791698,-73.99222485
f2wfInUasyyri7fp-YmN3A,40.73713186,-73.9903307
_eBUK4I3nFgQOme6FpwZJA,40.76023036,-73.96152209
S2HjpoKOs6J1PkWzZC189Q,40.75928467,-73.9592637
7DbmmKaVja6LY-QZx6v9jg,40.79940577,-73.92635886
cH3cDnLqDaZMea9bQOktyg,40.79935632,-73.92639459
CDkxDNaoTW7YoxmTj2yKeA,40.79920386,-73.9264911
Njc7QsBhMQrPkfWE0ruwJQ,40.79907263,-73.92655896
aAcfp-0P2CxTF_4DZ3H6ag,40.84583726,-73.93020585
U61O0jvMRRU8vGH6OVJ-Tg,40.84590365,-73.93017456
IYsKiZDYPAKRnwPjHrKaZQ,40.84600195,-73.93017201
3keZaLfgTfW3d3uC_703Vw,40.73334186,-73.98088382
BKBQsVYZ2c7ghgt1obVpPw,40.73343707,-73.98088976
xzmOdAun5OaKAzhY3832cg,40.7336417,-73.98089777
dv36WF1q6z1FHfTpYo6lvA,40.84934471,-73.94162979
-2QjaSsKV2sfNgpELajCKw,40.84926882,-73.94132113
sNknRYD6uwWfqe5QJ50ksg,40.70813656,-73.99944281
uZwG70eFr3gpaDTkDHI9Cw,40.70810034,-73.99939955
XRM-1qgWTbU8yjg19lXoDQ,40.74044409,-74.00201938
s_ZwcDKu9KHBsM-jzwMTTQ,40.74162323,-74.0048158
Xd1Rk2XqT0oeMmrAz7fM4Q,40.71599802,-73.99543725
pgDm_nw9skZTB2Zn8td9tA,40.71664466,-73.99580912
_GsCYK5xhiciXwtI5Wb_Ng,40.75872312,-73.9973805
kIyWpZ-HDNhu3SyeoUb4sg,40.75881507,-73.99754616
ucg-5MYLRynsLSHJrGzuJQ,40.74759122,-73.96823575
OEBObxnxFt7RWNpYa_a-xQ,40.74744768,-73.96790741
KGZAcuwOFAHjfO6-k7tXnA,40.74718194,-73.96736972
9G_rcBqeGSrBdbkkX10_tg,40.74708092,-73.96717462
3NvmhbbUy44sjwzhA719AQ,40.74659141,-73.96628612
liaLS7CcXR8MS-CCh_gs-A,40.81328712,-73.94685962
patOa5S8srzF914lEZKyWw,40.81334871,-73.9470072
annuzX8SW_QVqODZY1yWbw,40.81344391,-73.94723536
PqzEBJk6kHzJFjY8H_wvmA,40.81349777,-73.94736444
_DXQqRdhMbyb_Qq1w3cNVA,40.81358919,-73.94758356
XBgAciiNiDuzykIRV1iAUg,40.81364202,-73.94771016
SL4dPU6may1qTlNk6W6duw,40.84319758,-73.93374335
k1k5E_QaV1ADoc6_84PKzw,40.84319569,-73.93376611
QlWocXr2AFdp9zrahuGmRw,40.72693942,-73.99473013
cHjWFSaBU_GhAqZTWvuFyg,40.72756374,-73.99419004
ZUzqG-YzQQTcdr7rNLxPQA,40.84956809,-73.94122364
9UdA0too_hxU-DpUWvyCZQ,40.8496006,-73.94154382
vut20sprxocG01tCxuCTDw,40.76661975,-73.96695119
lg2CQaGgvVT_6ozfgxdk3w,40.76598394,-73.96544435
M2XR91k7IiGPK0ki4lae6A,40.80362231,-73.94288826
U3mkrJK7xN9M-Mrde2iG7Q,40.74256447,-74.00790308
V_oLDMKZC0HvoMGTLXFcRQ,40.74283026,-74.00769607
q1l4Fe8rChG5dxKVQbEaLQ,40.71413338,-73.98933657
Ce8mLUMUjriEaj3ApZf92w,40.71440494,-73.99022013
bZ8lR7QfOYk1J8-Gi34c5w,40.86831172,-73.91911301
BmdrV-boSKJLbqUk608kxQ,40.84988072,-73.94253144
A1qZ7moyfImiqgmyEzI90A,40.84986321,-73.94243311
YIAV-g8QsKzNM4kXrs8CjA,40.79794129,-73.92419382
8biyelWvjXW8zdCjOZ72yQ,40.71474702,-73.97642902
IZwaLXvB_R16CKkWaRCHzw,40.71480475,-73.97640139
8tCF8fRB3YTokK_P4PE8wQ,40.70940639,-73.99400303
UM78cZry7IGhUpJ_Dl0rlg,40.70946233,-73.99356187
ytF4c434QwZbSMWwtN5ULQ,40.70961705,-73.99254162
XOd7oxARcUbF7NJKTMFWwg,40.70967159,-73.99218194
eDBuhrUR8_lp_fxcoql-2Q,40.80256154,-73.94299317
TF7asKIMRCzqXxwZ3siIVA,40.80319439,-73.9425668
rJwGOczt6ouMZUia-H33UQ,40.77763555,-73.96116614
O1FbrcuXEIKAD2VA3DrjpQ,40.77827162,-73.96070125
q6s2TgZGkxWEqnScfoaPig,40.75021854,-73.97905508
bQr6-A7kP2aX9davVPYBWA,40.75084248,-73.97860724
aIcmh-XyX-TAPZCDw7FIvQ,40.70513691,-74.01681045
VAgc1_Jm91os2bBu8D9CIA,40.70510282,-74.01681022
_y1GddRiILl57xtM82jZWA,40.70506945,-74.01680108
ajFNM5i5NbD911dwasy6Yw,40.70504569,-74.01678859
9NQXxrT4wdeNa-AsDj-5GA,40.70498649,-74.01672559
kxWA_xP6Y2Cgfrva51cpfQ,40.75631138,-73.95334557
nM_neD6r2NtYt0U2kRL7gw,40.75605609,-73.95276029
a4Wib_rMvMSlc-EKbQXuzA,40.75521808,-73.95083917
2Z6MF5jBrE3aTXpmpxknkA,40.84672603,-73.94306864
j9ApGBbfjBC8dpz2d4xvxA,40.84691093,-73.94313044
Egje8reIgDMXst_guV6ufg,40.84705864,-73.9431353
zj9iLR3DgTZW0XSBJ4Ogyw,40.84720428,-73.94312472
sY8PCkV5HXhBbLWyhFbYAw,40.84737817,-73.94309318
s6ueHGlrW_QwhmnZwVulDw,40.84827961,-73.94287516
bCvuNrV6khKBwvu8oPMHaw,40.85882362,-73.92329845
l-oMIVvv_nuIsk76ub7UwQ,40.85881606,-73.9233179
8EZku20BZomDYuens-KSKQ,40.85849849,-73.92343063
9ZccJfgyXN7hb11-WUhJDg,40.85844533,-73.92346309
PJj6k1Jm0K41Wb8_3nMHkQ,40.75783423,-73.99543325
sNU8yQTfV-pa-QAp1mB-Kg,40.75797566,-73.99578007
gsWPgBA6biGvNFxKzdM7Eg,40.75800294,-73.99591996
InRi6eK4guaOovhMIT5-5A,40.75799067,-73.99610112
pKx7oA7wnz1rot2wFEdeUg,40.75793749,-73.99622486
EGiHdMznU0f_KzvFrhxX9A,40.75786535,-73.99632967
z1QfVIvhIpIB4sGstlZTjQ,40.793165,-73.92403284
rpEBkKBzKyDjOdGtib2r3A,40.7927002,-73.92433981
aBDjHK_T8q_i30BuxXyCgQ,40.74662968,-74.00564152
Ouvw1YKyjXq9_7F65Baz5w,40.74726119,-74.00522096
LzGEw3oLWLfTHd6M2iNyqg,40.81719756,-73.93636446
ZNKWIHM6MUvwcOso6Pj20Q,40.73596664,-73.97480409
MKT5hQDw0fE-j0DQ99IWng,40.73603027,-73.97468211
_Xj57NIkEQmnicmIJF9iJA,40.7364991,-73.97457512
d1KD8NByMttd6JYR_nCiwg,40.7367949,-73.97441743
VSccMD_YbvYzyAvKGItH_g,40.79183299,-73.92494196
_cApIZHezDuMh9iD4sDy7g,40.79142084,-73.92530789
GAco4T7jWh-GFEoaX2w79w,40.79043084,-73.92618687
RYPDj3tsple5mfo8qBP8Eg,40.71415051,-74.00340362
aUVT2okgM5Rb1FYtK9cbhA,40.71470655,-74.00318119
O1s_xinghAKwy6MUnEhE8w,40.71558507,-74.00302949
NcLjRZHuAoUEFeiYWaJzGw,40.77348995,-73.98908377
YJ3QB4MomOm6y12lWYLWcg,40.77375385,-73.98972243
rK4-iactnABVpQfDrkic4w,40.74665928,-73.99006749
9N3EFwSck9unLkaxe-S21Q,40.74785495,-73.99290929
uSwXNojy-vpni_tbXGGn8A,40.85559438,-73.92732239
WKt25hQ8HY1wL5X54aQddw,40.85618123,-73.9287155
7Pw499hWGc5Bw3LnPKo6jA,40.79129414,-73.95531133
z2qW3_7g8SZ95lW5UZ-ZuA,40.79133864,-73.9553512
A1f8tQPVlv8F3JRkhyImZQ,40.79138806,-73.95537935
GhyeyEaphP2Jp5OKgizQFQ,40.79145134,-73.95539625
1EipGd3d_nKXvaLSBncXtA,40.7915138,-73.95539743
#NAME?,40.79157295,-73.95541177
p1csV59LqzBanZg_kjvRxg,40.79162766,-73.95544462
sriDE-ru5nrb42MenM1MLQ,40.79167465,-73.95549403
wP8YVnU-gP0gYG9KW-guAA,40.79173234,-73.95558963
1FNg1m8t_Yfce_sjnmNxVQ,40.70479943,-74.01662761
w6qXwU0oXBQBcToDrZ9GPA,40.70479934,-74.01668613
N5Jy6c5GNJI5cj4Xx_H5oA,40.85467705,-73.9386517
GF-8ChbU7cBOJuxvDvyeTw,40.85498053,-73.93931047
JA9WjfQNUGaOtL_L0juCew,40.83115188,-73.95098567
Hlyr-F0T6FBAIZ72axll1g,40.83127378,-73.95109609
mOF72eYRW344dflPIql6BA,40.8313273,-73.95118407
642UrfQHLDaxQucCxZUmAA,40.83146601,-73.95126803
yVdRr3oTAxdLdCcjygBfIw,40.79672023,-73.96288578
0dghkeIB3ZZ0Jg3OyJ31Qg,40.79730694,-73.96428714
C0sMIa5lLyzdXuJwDWe5qA,40.78964886,-73.94607669
G4ahndK-G6jVOffevgDgyQ,40.86466299,-73.92889073
CbKt9xxfcPqmdmEbKuMxfw,40.86507897,-73.92810943
1zj-ke_7iPkMg7xjosNfKA,40.83416331,-73.93923711
oTmbJ5tm5UJdKjBO-wNOnQ,40.83449121,-73.94004852
FaLhiidcu95ZzH36m0F0Wg,40.80478408,-73.96610916
4D4vctEGqa2iuJb5hE7_yA,40.80482827,-73.96621585
k96KhMZwG0aXbSNL7ybheQ,40.8048722,-73.96632
bFBnNaHMUfM0M_m0xzXf7A,40.79209159,-73.91714349
Y-wIJTPNqdh7hBSdnDsBrg,40.79193578,-73.91694605
g-D01h25FnbD2b_6J9QqCA,40.79181547,-73.91675215
Ap_nG94x1ric03ZtlAcXgA,40.79176619,-73.91658332
O4UDse-WF6lH4v319RRTFA,40.79174149,-73.91641805
37Zl0amK7IjriNDpEKzzHQ,40.79170035,-73.91618453
SfAcTasVg-7u3e38KgWMVQ,40.79169473,-73.91596893
aMl9VimU7GIljRWEywC8eA,40.73291502,-74.00397602
4kbXUm3lJ83nNIPDkc9hGA,40.7332151,-74.0030321
Ul0ilNdOWdZbevv3tgUCiQ,40.77890783,-73.95827194
Ap-5V4XM0OHwJS84sQgSGg,40.7788612,-73.95816437
l1pJQtB_VdMtfbZfWxasjQ,40.77881505,-73.9580565
M46qhavzAkeE7Lfa0maqAQ,40.70194135,-74.00368501
8ysHJZLpnRBzaU91UPtiWA,40.70183675,-74.00355282
NHhCTRqpYWxiHykR0DAzKQ,40.77553254,-73.97645777
jJPeb1RkWlTa2EnOcKWzOA,40.77621975,-73.97595517
vX95FCio-9YCqylIWAN7fQ,40.75837648,-73.99437793
hJYGkKp4MnEqwvCdPyjOKA,40.75898098,-73.99594237
QPfHtoJMIleIYit7t-OdWg,40.72955223,-73.99657214
0tQHFJQtvDM2qhPPJRBOdw,40.73015526,-73.99606315
zfrt9xP0xr66wXMQnSJ78g,40.71120764,-74.00337609
kObNcsfenx09vSlfNafLaQ,40.71124208,-74.00333185
YZlhNk1kOp23EVGYsZWsag,40.75786716,-73.99529052
NT5bYL8i_f8OVP2dLZePLA,40.82763286,-73.9357582
RTquksAJi4Br5E5W2l730w,40.82765254,-73.9355936
GJRWSpojuzdPSvaKwBgY0w,40.82766064,-73.9355258
aMBiPc7VRk3xfpaZGhJHDA,40.82764062,-73.93538342
CNeEihSSxuf6oAcafi21tg,40.82760558,-73.93532406
IZdelAuiM2lX2vBWvpjY1Q,40.71313479,-74.00405901
wiAkXVE3y4GDqNbI6dU46w,40.71364543,-74.0036028
CxQ_5CM2XHdoMoOGNFDh_Q,40.80571156,-73.9433104
48pNefhafXAKZMjlZJeQeA,40.75818692,-73.99618226
_hGIPzeyXPaRF3pn7GDHVw,40.75825284,-73.99620478
EEKtVn1Na2yi1ueunMO2YQ,40.75582485,-73.97075919
rz_2tka55mb168k6TMZReQ,40.75645302,-73.97031394
Y3C3LVE0E1S0xZJY0dfuiA,40.80133191,-73.93098404
7DGq0A8VXmTSjfaFvNwLAA,40.80117622,-73.93060332
M1ZO4ONE8sy9W3Tz-9TSAA,40.8011213,-73.93041622
BJ9XQMZh5t-OGhsIwqd9Yg,40.80109596,-73.93027359
XAbRNCw7UhNXPZm3nRVggg,40.72278459,-74.00965379
GQcMSdRzflwtEK3dqwEtHw,40.72285926,-74.01045183
DDOGmEUrQfvUU5tnM7IZ6Q,40.81813103,-73.95637548
xZLnvOppEm9vrKpBSo1iUA,40.81875202,-73.95590649
_aL_p2OiCa-ah06D-qksUw,40.82403156,-73.94475649
ySA-z62P0UtCOxubWFa-GQ,40.82465162,-73.94622237
e1WQLUhSa56ggF1pGXQhMg,40.81692871,-73.93433939
kS56EF9FlYpWoEXHS8kElg,40.81718853,-73.934454
dO7KoR0E19tQhvA3i9FnDQ,40.75045161,-73.98729377
SpVO639-2Dt1nHWn-r1oOw,40.75066071,-73.9877791
nXfuuXSLp76X_sY0cmTYNA,40.75009963,-73.97493471
m1U79ZIVtdnRhCwbAvLdIQ,40.75076469,-73.97444452
LkfWaiXy9MrYBB9Yh7h5qg,40.72224192,-73.98628574
QSFV4pvOYGV54mq80Qcp3Q,40.77689872,-73.97545932
b9phsfCdQAmvkJaAQXraRA,40.77724807,-73.97628762
0JeAEbznrlaPsQUpD2DsfQ,40.77751592,-73.97692126
4ikVw9dyDadxon3FXYolpQ,40.77809552,-73.97829244
#NAME?,40.75348021,-73.97878321
BYZE4E0NKEwWN6ep_RRc-Q,40.75309839,-73.97787494
7R1CTCLbCaHhWaOJwpJHjQ,40.8498633,-73.94442705
vz7IXk0C2snNPvJLBIQWzQ,40.7046718,-74.00812645
IzjTar1_kia1fpuHB1csfQ,40.70518269,-74.00739219
N1otoIDnDSl5Q54EXIu6bQ,40.8121036,-73.94975777
_ab6X3ZR7CFUaWI7MQmx1Q,40.81257507,-73.95092866
MwILftyJWl7DAChyBHuyiA,40.80203032,-73.93380432
AUTeILa7YzJfhsRYNZxuTQ,40.80208868,-73.9338012
psfHHeIvn6ZW2YcuaWUItw,40.8134951,-73.95310981
DnvmUj_ZetApyOl7jY85nw,40.81365059,-73.95349239
qM5_31XHicSK8yC9RKLlQw,40.76771386,-73.98178947
8iCvMKl76nGJPcuPvmpJ7g,40.76770766,-73.98183828
3u5UGdky0ORQNA3or0Ldaw,40.76770584,-73.98192065
9V3smpY5cgNw0o56SCSqvw,40.76772118,-73.98203411
LiKq8A_OIwF5_oAi63govQ,40.76773903,-73.98209575
0SUvcq4LJQIw0cNF50aICA,40.77978705,-73.92668162
FdTHoR8Ok-zyAyzWATLjCQ,40.82287648,-73.95569661
zGXbWXJs6s0kIBlTNEmMLA,40.82289126,-73.95573075
c7Cvx95TL70VdeEuE6iKtQ,40.82290432,-73.95576937
SbqOSLQ48yWIWUmQz0tDTg,40.74485573,-74.006884
6sikyu-DzmqLfT1Nz9u78g,40.74545146,-74.00648097
m1bqPszuj11ZusGYW58SOA,40.74762789,-73.97673494
ztBnr5KMUBCD0cPacxgILg,40.74734356,-73.97606438
_CbevCz_zzhD4VRbjYYDIA,40.81599428,-73.93936799
bQiiq9XIbhqANhy15kpZow,40.81602642,-73.93945691
OevplAL2thgMMziyRDN5wg,40.81605471,-73.93952396
mB88DPYdnSFIuJNgGtVx7A,40.75784407,-73.95482181
ZBKO7Y-i8_zuWqKFq582iQ,40.75749142,-73.95391519
xYQQMkWX3B3VMHfpL4d-vg,40.80097765,-73.92960662
3j83CUmCEvDtQri6hUzDBQ,40.80093561,-73.92935854
YKYaHwA4sv0D6qQRH23gZA,40.79087074,-73.97268972
3kqIjZNaz-wRmobofZmZww,40.79115499,-73.97336418
eDUS5ch9qmyBylSUFiy4ag,40.79142595,-73.9740071
FKaoXjrCS-nYZSKi-dGCdA,40.71452063,-74.01638618
A2JKFv-MkU4bzCOJjuAsow,40.79405174,-73.97036786
6rW0AThuiOzW0EK_BOtsvg,40.7947352,-73.96987063
xvB602e5qmxGWpzEoPoF3A,40.87038758,-73.91215536
CtJ6wy6CWyMrmz5ZMBVaCw,40.87116059,-73.91400985
Ar5bR3lxoxUW0BdrSEj-dg,40.71846239,-73.98824999
mOk6qQ7ZpKMWTekYwMeJKA,40.80187637,-73.93006306
xMiAMReoqoic33EflZznAQ,40.80200971,-73.93004992
XUW7rbjgAU-4YK-W9H1kfg,40.72351486,-73.97556121
XKGFfZG8Ylxln6iQB8Pmcw,40.72369147,-73.97603287
wYvFyVfMoxcxlVUFkuAArw,40.7528005,-73.97928686
uIrxJYyixcTK9r8LayIAcw,40.70177857,-74.00362127
BXHOGi10UK3W1PN7NzXj_A,40.70161007,-74.00357393
a0MzYbjlZUHTPHakk5itRg,40.70145768,-74.00354665
nrkxltvftCWtDVVtCdXJkA,40.7013042,-74.00353364
ZyN2hLft33vSIB9HR0FTMw,40.70115041,-74.00353498
Ubs9JvUHmkkpU9-nQa-yZg,40.72758454,-73.99141388
9YssvyiC6_v9u7YYxQKMIw,40.72775525,-73.99129791
xKJhjkXm9Bz2iopMaf4HfQ,40.76082418,-73.96286875
j84C2ihmxtZ18emW9MKg4Q,40.76074605,-73.96269458
HkDEKdJjZippbC-eW93GvQ,40.7396311,-74.00633308
PaZ4JbVClXh3yw_7w2mcPw,40.74029708,-74.00794009
CEDuKZcyFCFnuPfh60Kvgg,40.74926079,-74.00795826
qNq8MToIG1smDWeLtI3lhQ,40.74945415,-74.00806127
xGV-wo9jipYVTY1Qn2rv9Q,40.74965357,-74.00814559
kYVBDkgncUr19mqiwHhV4A,40.74985748,-74.00821036
y0Xe3RRozObQmepVxZ9ZUw,40.75006418,-74.00825508
qOWiN3PepPo8JtVimXekBA,40.75027197,-74.00827952
UZyF4KkIBj-Jm2vSKk9bzA,40.73101908,-73.9859086
Hv3ZxuFjPnaYtbx8w1u05Q,40.73123295,-73.985753
qdbqO8CbNGo7c1EkV8PyRg,40.73165781,-73.9854439
h7k2_SdS6U37k2W-o_USaw,40.74505783,-73.97860713
_BBQJnEK6iKNUCiVLnVYUw,40.74572717,-73.97812378
CJhjg0liIgA5Y_JOnAr41w,40.76206479,-73.98362867
YPMkn0nVZYwC_ftSTxUQRA,40.76291487,-73.98564678
0q9UvgK6kO3MSFi04YR9Mg,40.75193011,-73.96763436
LwYZlKkT2czqET8ytFsUHQ,40.75242564,-73.96726387
zvr_zs7SY61crq4T2jRZzw,40.75263638,-73.96710437
Src_bRV3xivu2NceN1RQ-g,40.73053912,-73.98027305
b4JgYn_LXlKSRrOJi9GP5w,40.73031316,-73.97973157
zVpZ6ZHFMdOXn_1_uFd5aQ,40.76912317,-73.96512773
JnSinFPyyKLWS4ZF1-vVgA,40.76848664,-73.96361826
XI3b9OSbdQZb8ep3pVAzHA,40.72218395,-74.00536436
0g3Egh6GJHABbdpWKd2Fxg,40.72203351,-74.00506578
kxDiwZOJrTCZSO7wVR2yZQ,40.72249979,-74.00675786
_soIZwb3mPVVaxOuLI7GdA,40.72262672,-74.00811683
Ri923G2Io76MufNi5DWgkg,40.715492,-73.97817919
wDoHjGruufAPJNuzcM6jTw,40.7155452,-73.97815333
jM6-uFdeRdlqYHAURVfUQA,40.87595252,-73.90941677
bBh2uLX0J08BxpHW6iKTqw,40.87627225,-73.90944689
weTsy4R6-Y3JfJkt8RzFog,40.8084448,-73.96488318
0GNq1A8Ku3Io1EreYGlq2g,40.80886198,-73.96457366
qm5QRj6xLJFVAe4VBGqMYQ,40.7942517,-73.91550382
fi-EMfksaAlZCwDxMWE_HQ,40.79411253,-73.91506353
vpfbwCuNNmRSq5no5YofyA,40.79411224,-73.91496252
JOKVFvBdBMBxN1N1gjQQhQ,40.80698129,-73.95349969
4frwgT_Ew693GtEyiiCrnQ,40.80759281,-73.95494882
#NAME?,40.75385417,-74.00724388
o51GtVQXrblRkkNMU0mf8w,40.75388201,-74.00737554
7h2RZYm_Qv8vk_FMFexb-g,40.70955732,-74.00643549
usrzkvblqQurU3U42rEa3Q,40.70991258,-74.00609032
ZBwp4wxdmNpP8j5OUaPtjQ,40.82210802,-73.9480829
e_PXAP1TAlxJt0oV06HXkQ,40.82273708,-73.94762225
GB6T3hhufOIbBtjALj8hKw,40.78686744,-73.93893077
sM-zbHiPtLUbfJBzxR0flw,40.78647254,-73.9392609
pYAq0CHqxbHmZGb54Vnnmw,40.7665046,-73.99417335
jbdSzm6eP8D166JEXp44QQ,40.76713396,-73.9937227
H8v3usVKd9yfh73Mqp3TUA,40.76299138,-73.94907329
_582eA-bH1IqNe18FsGxPQ,40.87104336,-73.9157459
X3tePevgTqOJQNh6IiBBbw,40.8716029,-73.91505693
Fnp8ZjijhHMdH2aXDeY-FA,40.72369977,-74.00791206
f1OecPRleTfXNQT4nHCuTg,40.72388399,-74.00772573
Clli6TwHjo9D1eBe_FU9HA,40.72429595,-74.00716635
O-qj5eDxSXwDuUswHPJA5A,40.84646364,-73.92734185
B76atR1t1hPuhpCAvBxAhQ,40.84652302,-73.9274781
sxRxgzreY2k_kPpgJBdBKg,40.84698196,-73.92848995
hp1JLnNqbPQHOk3SI5BkJw,40.7632659,-73.94717567
OyIpFzVVsRuVNJcO3WUhzw,40.76339354,-73.9470672
vd3Az31_QT2JtBq17otEmw,40.76545986,-73.98198845
E-oo8wV5kCK2M3Y77gKVWg,40.76604524,-73.98336658
Ks4Cm5cA14oxPsiiRsZzFQ,40.72469706,-73.97841276
fbgXSqCpVdoKdCeAXAGTHA,40.72426191,-73.9773893
BfZmMshEKaUBUryBLls4jA,40.72399807,-73.97676192
1uSEu6FV9Vp3crfGL0lz8Q,40.73234967,-73.98494551
3mK8JIAYWj-bxmxBnDj9zg,40.73177022,-73.98356052
954tXsfjIiFrCuM4Au32_g,40.73173108,-73.98346644
Jrum7rv0PnAWusdwvMMHGg,40.73162417,-73.98321467
9J4VQu16d6Mam3H78YQ4NA,40.73152084,-73.98296441
pSvVmOE6ueDjpym3W7Tc6w,40.73135013,-73.98255629
l1ltyd78r4AJ2Ke4NhIagQ,40.82809715,-73.93484234
I3i5cMPDP-FTrGVvwQZvvA,40.82816017,-73.93493767
Z04pIrxtEgFJxbO_PNBSmQ,40.8594135,-73.93399379
RuCTIPpgE0OxPdqQ5sbE1A,40.85945735,-73.93405429
C5SjQm9iCOeAy9Z9_24lKg,40.85946325,-73.93407937
vFlOFd2dYYxyjQILctwRvA,40.85946385,-73.93414029
dXnu8MgydEsmgud8iZFirQ,40.85942903,-73.93422325
KwlLXNwGnvb3zDtKcKBoUA,40.8593697,-73.93425108
C7lwQLApwRM72gsb3DHrXg,40.85930806,-73.93423404
dN4m_SueT3qXgepXt422Ww,40.85927962,-73.9342065
Xf_jq8Rnnl6Jy4zR3sCXGw,40.85925878,-73.93416898
TlHxXC1W25LHYesINI0LNw,40.77003233,-73.99508335
aHyDDMh2gBVJ6i2iMckNtw,40.77024469,-73.99504154
vDTmizuYMh0MmCYm2-IQrQ,40.77073963,-73.99498275
tJQ_ShUrG1LslseuKm8zDQ,40.77100051,-73.99494982
7uE-vNjCx-g5OjfH4ha58Q,40.77120599,-73.99491455
n7YHOTNoKmnTlPX-aeoDcw,40.77125201,-73.99490477
s0L_5yVD7lWZiD7Sqij5XA,40.77134306,-73.99487844
AjtpxaRIaqyKZQep9bc5iQ,40.77141023,-73.99485284
dmE4dggH0zh8AdsOryWNww,40.77145435,-73.99483304
QtfJfsRTtRaNYHkQeU_ZUg,40.77154075,-73.994787
sQpMuLelrl9T2L1a-LeLNw,40.7716037,-73.99474695
zINtnaFViJ-QREJxOpa-8Q,40.77166484,-73.99470232
v0k3ynZNnEUmrBxOJTjxrw,40.77236917,-73.99419761
#NAME?,40.77290385,-73.99378737
9ThrWo7vgiEG04GpkFJvVA,40.77303483,-73.99369639
xrTyEVjkeV9I7e91VTUWTg,40.83071152,-73.93604233
RbHduYKl1ZssezwFP7q6ww,40.83074215,-73.93611129
sAHZHxrnPaLQaLoDmbmKhA,40.83076097,-73.93615522
oaStrdQ0ucuDrN4QGf3JQA,40.74336665,-74.00699029
BlczMVvD1DyAsmgVZn-aoA,40.74352374,-74.00689746
EGZ5eZFlYHB7hwqO80cw9Q,40.74389491,-74.00693151
Rq79Le1SIeOZ8RKebn1l5Q,40.75463199,-73.97570023
UMDK-yk_G2oZnfZ6GSzADQ,40.75442436,-73.97520895
CQo9aqbFsbEscre2PtwtsA,40.78716325,-73.97168048
BR2gsPpHHv1kQDnZ7Oc5Fw,40.78835924,-73.97452282
fNEQHOSqo73aekgO_msyCQ,40.75431782,-73.98686558
spoYl0rGKVhasx2pnu1KsA,40.75503452,-73.98663913
LvJLsE4fZYITpBLK1N8SqA,40.74388188,-73.98155997
dPZPtutj9rpKmkothwHqAQ,40.7432052,-73.979959
Dp52p3lcLTB_DZ1A8Qcmuw,40.70805305,-73.99922363
#NAME?,40.7079824,-73.99913435
diD7ih4oUMAB-ExLvVaLZw,40.80264483,-73.933314
FE-GGucx2q_bRf2t7_o79g,40.80254853,-73.93330326
pXgyHrhcvaScuUg-mCPs1A,40.80249882,-73.93328625
Mfzr1Id5fmjKFjS7dzDHMw,40.80236231,-73.93321633
1GfUgzg38ykuCMxAXHDNFw,40.80228072,-73.93314302
_aCJET-C1TJBbfvIxsa6zw,40.80221126,-73.93305457
z0vgH5-VEjy-fFR_xYvX-w,40.71998271,-73.9787189
Zm8u0FuWp5Gz1A-qNfii2w,40.71970147,-73.97798211
wOwlYW0vmofOCgiasfCb3Q,40.79172418,-73.91580771
8Au1luo50bg9xoEfqUlifA,40.79177069,-73.91567861
P4yoR4Esi0gsnaRjg1m-6g,40.79185537,-73.91554959
R-m0J3cQ7TPngZLrwR1SlA,40.79198917,-73.91539914
rC1XrVyKUnok19s6UGvsdw,40.79210931,-73.91526659
oBoq1jLEt5LPRg4sm8Oo7Q,40.79221563,-73.91512601
dU7NnifdYJQnx4NxJIwlhw,40.79237272,-73.91499883
_4v6RFggcXQnnmKOA5CTcA,40.79251616,-73.91494047
zmqKC1xBw6u0s2U2zyTJzg,40.79267312,-73.91493056
WNw7AKo0i7m7Sni4dQxM8w,40.79286686,-73.91495642
jNQQ4WzmVdfchP48Ozw81g,40.7929465,-73.91477556
SlBE04hHdVL771xh_B8cGQ,40.79307462,-73.91455144
mEm8xs95u2u1vtP1I2cxoQ,40.75171391,-74.00782942
D0aOGazoVb_iNq7LmHGiQQ,40.75237823,-74.00755196
#NAME?,40.76212525,-73.99738722
-8PuCtbg0x5sI57JHhP4pg,40.76274884,-73.99691343
sYdKLaqqLauBt5ZHMKD_rg,40.70767141,-74.00310838
VZNDVGeruNRqMrr41bCPZQ,40.85036021,-73.94200108
SSJDWv6f1vQzZ54xb8jLzQ,40.85041916,-73.94195273
IX1Gd3p14KwKVE7S1HXsHw,40.85047316,-73.94188612
DgiepECkfwg7Z8LTAYz3pA,40.85051756,-73.94180272
nxnv32573KFO3zwQe-XG2A,40.85054823,-73.94170664
b2t1Zn8JZzE_28aT7deSTw,40.85056255,-73.94160413
z0ercnlwPaFcklRGymP0rg,40.85054265,-73.94140764
z1UeRotzZWzn2lnYnbwrSQ,40.85051346,-73.94132466
WbhGbTa6SuLIgCASIxQMSg,40.8504668,-73.94123616
uSvr7dKrkO-rmuKUo8aUBg,40.85040519,-73.94115727
leAmCbn5922Avuafug44tg,40.85033065,-73.9410942
K4gUvHUSfUcG2X_QKsjflA,40.85024705,-73.94105195
3F1Z_2Vjl-uSVrhDfA6zJg,40.85015959,-73.94103313
GPOk_uQU9TbKAgcjxCHtMQ,40.85007373,-73.94103749
lIyJ0U4s4uSciF1gk-0q4w,40.8499941,-73.94106216
V54fLmvbNVS7vW3LBamWAQ,40.71997843,-73.98364191
mZQtvxm4TlMulWLagLzLEw,40.71990309,-73.98339463
stnhQo6Tzh25bOB0QMnU0g,40.71987591,-73.98330546
0GKhxpaCyMRpFDKYMj9zsg,40.719723,-73.9828036
OuOJj7XbemDRLg7-UroXgQ,40.73733047,-73.99265431
pTtfyMoyUR0sWta05WjN3g,40.70599727,-74.0052036
eR2gDGdT4sRQ35CB6FblBw,40.70542924,-74.00443854
EFZCgoM_jUellYE8nB1XNw,40.76551725,-73.97209852
foTFOQ8EEWBKn2Lp4YxoNA,40.76484127,-73.97049751
P62CDKzuujlzFNEgSesO-A,40.73696753,-74.00984372
W8biwftYvEMGguSZ5yw7VA,40.73756638,-74.00981442
Fr9VIPkssbZeeGfdsC-Bbw,40.81422084,-73.93429129
3aQuD21Y4fjLJ3buPtCtGA,40.84954042,-73.94102503
hZVMoYbp2FRYGcM6kgA_UA,40.84951803,-73.94085069
JTgNL7ZQDKnz4Y12VoOMCQ,40.84950335,-73.94074136
AYmh47B7hp5Ax3IHEQyC3Q,40.84943834,-73.94045693
RFtC4YiMP_eF2CUXL_720w,40.84928899,-73.93962599
l7mfoa941RdI9kPecGpI6Q,40.751794,-74.00801633
IHXnIuwSJIwL05n26qWENA,40.75246189,-74.00776652
u6aNcP_q41C4bOCva9OTzw,40.75319252,-74.0074822
2iu7vxAM6KiHJrp_ca2uCw,40.86917408,-73.91999066
QT2PEO2bAuSN8pK3Yp6dRQ,40.86918551,-73.91992758
ki9NqE0MWDYino7JlAMw2Q,40.8692695,-73.91981368
L9vHfGHGdu3p_aInbkIQ2g,40.71482721,-73.97671928
rBiM13TAb_ou7c2sDxtwkQ,40.71488637,-73.976689
8brvF3LBPrYqsnmZ8Gvs1w,40.72772246,-74.00133774
aoUChJaL-l7suXRLqJMf8w,40.72879461,-74.000435
TAq5WuXUekmTmJIuKRJf7Q,40.86706415,-73.92683718
6Hc2xJXpLFfwOwmHLz8XKg,40.86738404,-73.92640661
xt5caAUMG0E0urNEtFnP5w,40.71328443,-73.97071017
MH5eXVcHk6NWhIP868iOYw,40.71270862,-73.96880693
EP3mNkuKwU-P_R3iUjZJ7w,40.72368203,-74.00363546
Lr1qL0oyw91clfvn0dliAA,40.72488004,-74.00261903
RSYxIzqg2-i023xznKkUtw,40.7459573,-73.97277828
boufT3PlVjfavCdFVhRAaw,40.74571207,-73.97219728
B1PTgm9sWBo3UFEgXaagMg,40.70344666,-74.01159675
rUXeWBZ-JwxiC8LNoZf-kw,40.70369501,-74.01064455
c5CDMLzSm8JIsYqXeGm4Pg,40.71407801,-73.99757284
v-vrlUWsu-Fp_UYgrxjhKQ,40.71409313,-73.99761357
wZu3eeMbDBIzCHo0MfTipw,40.71413489,-73.9976953
